Post.code;Totaal.2022;Koopwoning.2022;Huurwoning.2022;adressen/km2.2022
Code;x1;%;%;adressen/km2
1011;9760;30;70;7084
1012;8800;20;80;8578
1013;21940;30;70;6581
1014;3660;50;50;3309
1015;14910;30;70;11080
1016;11130;30;70;11457
1017;13105;40;60;9521
1018;21055;30;70;6959
1019;19840;40;60;4354
1021;6940;20;80;2921
1022;4145;30;70;2748
1023;4595;30;70;2606
1024;13750;30;70;2627
1025;16305;30;70;3037
1026;545;80;20;112
1027;545;70;30;192
1028;630;90;10;41
1031;7830;20;80;3294
1032;6210;30;70;3009
1033;13220;20;80;2211
1034;14925;30;70;2649
1035;10750;50;50;2017
1036;2670;60;40;2659
1037;140;-99997;-99997;312
1041;5;-99997;70;101
1042;20;-99997;-99997;124
1043;945;0;100;2196
1046;110;-99997;-99997;305
1047;55;-99997;-99997;88
1051;13130;30;70;8990
1052;12215;30;70;11582
1053;16535;30;70;11711
1054;17115;30;70;9977
1055;20905;30;70;7042
1056;20690;30;70;10060
1057;17345;20;80;10790
1058;15700;30;60;8262
1059;7065;30;70;6171
1060;9930;70;30;3188
1061;16710;20;80;5930
1062;14250;10;90;5646
1063;12445;30;70;3864
1064;16660;20;80;3960
1065;11980;20;80;4361
1066;19010;40;60;2910
1067;20120;30;70;2708
1068;17430;20;80;3944
1069;26095;30;70;4075
1071;12625;40;60;7924
1072;13635;20;80;10175
1073;13150;20;80;11307
1074;8220;20;80;10915
1075;10605;30;70;7783
1076;11300;20;80;5136
1077;9930;60;40;5302
1078;14655;30;70;8662
1079;14680;20;80;6091
1081;5330;40;60;2658
1082;12495;30;70;4151
1083;7780;30;70;3226
1086;4300;50;50;1166
1087;19860;50;50;1805
1091;16725;30;70;8830
1092;8890;30;70;8196
1093;9960;30;70;8706
1094;12295;30;70;8288
1095;15010;20;80;4572
1096;5420;20;80;3034
1097;15345;20;80;4894
1098;15470;40;60;4866
1101;140;-99997;-99997;1482
1102;24430;20;80;3424
1103;14200;40;60;3626
1104;15695;30;70;3265
1105;2460;0;100;1681
1106;17685;30;70;2451
1107;11455;30;70;2302
1108;2950;40;60;2061
1109;1645;60;40;451
1111;14775;50;50;2507
1112;13575;30;70;3584
1113;3470;40;60;1247
1114;75;-99997;80;1369
1115;5280;40;60;2111
1117;10;-99997;-99997;83
1118;40;-99997;-99997;75
1119;25;-99997;-99997;426
1121;10305;70;30;1151
1127;845;80;20;94
1131;8820;70;30;1757
1132;13755;90;10;1497
1135;7210;70;30;1266
1141;9490;70;30;990
1145;325;80;20;151
1151;2780;70;30;299
1153;315;90;10;50
1154;135;90;10;58
1156;1735;70;30;305
1161;7935;70;30;1113
1165;2620;70;30;876
1171;13450;70;30;1712
1175;870;90;10;507
1181;20950;60;40;3262
1182;3830;50;50;1569
1183;14220;40;60;2753
1184;625;80;20;585
1185;12025;40;60;2861
1186;14230;30;70;2451
1187;18625;60;40;1539
1188;7330;50;50;2039
1189;495;50;50;105
1191;8855;60;40;921
1211;9740;40;60;4007
1212;3565;30;70;2145
1213;7290;80;20;2283
1214;7605;50;50;3382
1215;10150;70;30;3045
1216;8940;50;50;1950
1217;7735;70;30;2126
1218;4120;60;40;819
1221;9340;50;50;3972
1222;11250;40;60;2273
1223;11995;60;40;2777
1231;9240;70;30;613
1241;6645;70;30;885
1243;1335;60;40;549
1244;1530;80;20;207
1251;11190;70;30;1109
1252;335;60;30;990
1261;10880;70;30;1081
1262;1475;80;20;1141
1271;8050;60;40;1725
1272;6295;80;20;1110
1273;8755;50;50;2383
1274;6365;50;50;2323
1275;1985;50;50;2588
1276;7450;50;50;2433
1277;2035;80;20;1693
1309;35;90;-99997;132
1311;4755;70;30;1755
1312;6955;70;30;1766
1313;4310;70;30;1209
1314;6050;40;60;2008
1315;4165;30;70;2471
1316;4060;90;10;1293
1317;4060;70;30;1025
1318;9560;60;40;1719
1319;7295;80;20;623
1321;9705;70;30;1595
1323;6205;70;30;2334
1324;10390;50;50;2087
1325;10365;60;40;1518
1326;11150;70;30;1869
1328;9895;70;30;1695
1331;200;70;30;84
1332;5;-99997;-99997;251
1333;12450;60;40;1636
1334;2325;20;80;2383
1335;12410;70;30;1925
1336;9120;70;30;1232
1338;9640;70;30;1843
1339;11260;70;30;1934
1341;3375;80;20;351
1343;1445;100;0;223
1349;3325;90;10;133
1351;1990;90;10;1189
1352;1695;80;20;1595
1353;4895;30;70;1627
1354;3030;30;70;2040
1355;3070;50;50;1533
1356;2705;60;40;1081
1357;3490;60;40;1410
1358;580;90;10;128
1359;2440;90;10;712
1361;3975;50;50;1098
1362;40;-99997;-99997;1048
1363;15375;60;40;1567
1381;4950;50;40;1764
1382;10130;50;50;2018
1383;3560;70;30;1160
1384;2130;100;0;1532
1391;8115;70;30;865
1393;1575;60;40;214
1394;5545;70;30;389
1396;1455;70;30;172
1398;4470;60;40;530
1399;3030;70;30;448
1401;4875;70;30;2735
1402;9520;60;40;3018
1403;9375;50;50;1916
1404;3540;40;60;3112
1405;2910;80;20;2277
1406;3515;70;30;2288
1411;9965;60;40;955
1412;7640;80;20;1683
1421;6045;50;50;1725
1422;14740;60;40;1682
1423;5565;70;30;1200
1424;4670;70;30;585
1426;890;90;10;145
1427;990;70;30;970
1428;115;90;10;127
1431;12800;60;40;1026
1432;10385;70;30;914
1433;9265;70;30;829
1435;4300;60;40;471
1436;505;80;20;695
1437;50;30;70;188
1438;165;90;10;212
1441;14740;50;50;2748
1442;6810;50;50;2729
1443;7790;30;70;3048
1444;6695;60;40;1718
1445;9270;50;50;2339
1446;4975;60;40;1448
1447;12300;70;30;1905
1448;18945;70;30;2002
1451;410;80;20;97
1452;1845;80;20;243
1454;560;80;20;67
1456;1975;80;20;195
1458;180;80;20;14
1461;4170;80;20;1262
1462;5155;70;30;528
1463;605;90;10;40
1464;790;80;20;58
1471;790;90;10;318
1472;695;80;20;65
1473;795;80;20;97
1474;3435;80;20;396
1475;555;90;10;51
1476;125;80;20;21
1477;170;90;10;30
1481;115;90;10;125
1482;145;90;-99997;20
1483;4255;70;30;609
1484;895;80;20;432
1485;90;90;-99997;82
1486;755;90;10;115
1487;140;90;10;113
1488;215;90;10;68
1489;160;90;-99997;31
1501;6490;50;50;3766
1502;8550;40;60;3762
1503;11340;40;60;2651
1504;8360;30;70;2217
1505;6605;40;60;2161
1506;13215;60;40;3130
1507;13210;60;40;1910
1508;4805;50;50;1912
1509;6485;60;40;962
1511;9640;70;30;1068
1521;11520;50;50;1711
1525;590;60;40;358
1531;13040;60;40;1777
1534;480;80;20;248
1536;320;80;20;75
1541;11165;60;40;2000
1544;8490;50;50;1375
1546;705;70;30;146
1551;4990;80;20;337
1561;8005;50;50;2299
1562;9025;60;40;1727
1566;13110;70;30;926
1567;11195;80;20;1673
1601;7535;60;40;1354
1602;11085;60;40;1416
1606;4325;70;30;417
1607;1570;80;20;229
1608;1405;80;20;86
1609;105;90;-99997;25
1611;10160;70;30;1244
1613;9535;70;30;1164
1614;2250;80;20;607
1616;8345;70;30;849
1617;1815;80;20;193
1619;7085;70;30;383
1621;5710;50;50;2076
1622;7625;50;50;1090
1623;2550;60;40;1839
1624;5980;50;50;2309
1625;9885;60;40;1837
1627;10;-99997;-99997;509
1628;20355;60;40;1904
1631;440;90;10;45
1633;3450;80;20;601
1634;415;70;30;87
1636;1250;70;30;173
1641;925;70;30;167
1642;45;90;-99997;148
1643;470;90;10;113
1645;2980;80;20;297
1646;70;80;20;112
1647;2580;80;20;222
1648;3710;80;20;656
1652;540;90;10;49
1654;740;80;20;120
1655;930;70;30;132
1657;2045;70;30;304
1658;175;90;10;33
1661;440;90;10;60
1662;320;70;30;75
1663;115;90;-99997;70
1671;8570;60;40;1009
1674;1925;60;40;275
1676;1090;70;30;110
1678;890;80;20;156
1679;2465;70;30;331
1681;300;90;10;149
1682;205;90;10;76
1683;195;80;20;138
1684;510;80;20;110
1685;460;80;20;501
1686;115;90;10;404
1687;6385;80;20;578
1688;2535;80;20;310
1689;17595;70;30;1308
1691;660;80;20;66
1692;25;80;-99997;23
1693;8110;70;30;592
1695;4585;80;20;1678
1696;1560;80;20;316
1697;860;90;10;146
1701;8870;80;20;1485
1702;8470;60;40;2016
1703;12555;60;40;2195
1704;9145;80;20;922
1705;17195;70;30;1732
1706;2815;80;20;739
1711;1570;80;20;220
1713;5925;80;20;633
1715;4635;70;30;644
1716;2150;70;30;696
1718;3935;80;20;476
1719;470;70;30;51
1721;6125;70;30;864
1722;6625;80;20;1095
1723;5770;70;30;1166
1724;3865;80;20;543
1731;3455;70;30;441
1732;770;80;20;74
1733;3300;70;20;388
1734;410;90;10;46
1735;2190;80;20;251
1736;400;90;10;159
1738;2700;80;20;292
1741;12860;60;40;1614
1742;6470;70;30;967
1744;1825;80;20;130
1746;1620;80;20;302
1747;3755;70;30;414
1749;6055;80;20;530
1751;2090;70;30;204
1752;735;90;10;133
1753;630;70;30;257
1754;870;80;20;61
1755;1645;70;30;243
1756;2495;70;30;289
1757;715;80;20;110
1759;2335;70;30;382
1761;8525;70;30;746
1764;3780;80;20;219
1766;2350;70;30;203
1767;1085;70;30;154
1768;915;80;20;69
1769;185;90;-99997;35
1771;6020;70;30;596
1773;570;80;20;94
1774;2145;70;30;153
1775;4205;70;30;451
1777;5095;60;40;552
1778;925;80;20;109
1779;2445;70;30;388
1781;9050;50;50;2333
1782;10635;60;40;2424
1783;2605;40;60;1400
1784;9310;40;60;1503
1785;9135;40;60;1404
1786;140;90;10;169
1787;3005;70;30;655
1788;11860;80;20;1392
1789;590;90;10;333
1791;7175;60;40;904
1792;1310;80;20;211
1793;360;80;20;41
1794;1330;80;20;143
1795;1160;80;20;146
1796;1360;60;30;391
1797;990;60;40;74
1811;5350;40;60;4149
1812;220;80;20;994
1813;8870;40;60;2660
1814;9430;50;50;3349
1815;7145;70;30;3285
1816;8640;50;50;2202
1817;3995;60;40;1838
1821;1660;50;50;2909
1822;5985;70;30;1506
1823;7110;60;40;2897
1824;7585;50;50;2221
1825;9155;60;40;2117
1826;6435;70;30;2496
1827;10405;60;40;1993
1829;4080;60;40;1249
1831;2410;60;40;1197
1832;270;80;20;56
1834;5975;80;20;1042
1841;2090;80;20;234
1842;630;80;20;122
1843;695;80;20;75
1844;245;80;20;20
1846;390;90;10;38
1847;265;90;10;53
1851;12795;70;30;1285
1852;10500;70;30;1476
1853;1090;80;20;1545
1861;6410;70;30;1099
1862;6105;60;40;1129
1865;340;60;30;158
1871;4710;70;30;435
1873;1445;70;30;364
1901;14715;70;30;1660
1902;8620;70;30;1754
1906;7705;80;20;818
1911;13565;70;30;1103
1921;5060;80;20;532
1931;4575;60;40;1225
1934;3560;80;20;497
1935;2575;80;20;402
1941;3590;50;50;2892
1942;2435;70;30;2836
1943;5275;70;30;2702
1944;7155;50;50;3239
1945;6905;40;60;3536
1946;4610;30;70;3159
1947;3700;50;50;3193
1948;6250;70;30;1565
1949;2170;60;40;456
1951;5315;40;60;1041
1961;1320;40;60;2842
1962;7455;40;60;2422
1963;5510;70;30;1604
1964;7050;60;40;2544
1965;6010;80;20;3085
1966;5070;50;50;3006
1967;5240;80;20;1481
1968;330;70;30;325
1969;1210;80;20;1133
1971;8860;60;40;2337
1972;8230;40;60;2994
1973;5915;40;60;2931
1974;6135;40;60;1730
1975;2775;30;70;1983
1976;320;50;50;1110
1981;2070;90;10;617
1985;3195;80;20;870
1991;12945;70;30;1953
1992;2025;70;30;1366
2011;13920;40;60;5598
2012;12905;60;40;3921
2013;8225;70;30;4668
2014;8625;60;40;2864
2015;5655;70;30;2075
2019;160;60;40;5677
2021;9060;50;50;3939
2022;9065;70;30;3464
2023;13060;70;30;3805
2024;9205;80;20;3163
2025;9780;50;50;2632
2026;5645;60;40;2315
2031;1840;60;40;2339
2032;8050;40;60;4184
2033;12480;30;70;3135
2034;10075;40;60;3505
2035;7960;40;60;3094
2036;7550;60;40;3007
2037;9035;20;80;3412
2041;7620;40;60;1801
2042;8445;60;40;2023
2051;4460;80;20;1674
2061;6895;60;40;1297
2063;615;60;40;455
2064;3555;70;30;423
2065;330;80;20;119
2071;7245;80;20;1642
2082;3365;70;30;1305
2101;7570;60;40;2394
2102;5510;80;20;2165
2103;3795;60;40;1445
2104;3700;50;50;743
2105;3885;70;30;1316
2106;3100;90;10;1744
2111;4845;90;10;869
2114;2260;60;40;434
2116;1045;70;30;314
2121;5270;70;30;819
2131;10925;70;30;2161
2132;13635;50;50;1875
2133;7730;70;30;2322
2134;28145;60;40;1772
2135;18155;70;30;2094
2136;2080;90;10;516
2141;4785;80;20;633
2142;1505;60;40;507
2143;160;60;40;70
2144;995;90;10;1136
2151;15725;70;30;1727
2152;12415;70;30;1508
2153;3325;60;40;994
2154;345;80;20;54
2155;60;100;-99997;288
2156;380;70;30;419
2157;1200;70;30;109
2158;480;80;20;142
2159;455;60;40;143
2161;12665;60;40;1769
2162;7520;60;40;1440
2163;2830;70;30;1594
2165;3415;70;30;1187
2171;10060;60;40;1653
2172;5715;60;40;1710
2181;9710;60;40;1745
2182;12605;70;30;1436
2191;2295;70;30;307
2201;13570;60;40;1782
2202;7985;60;40;1612
2203;4610;70;30;1814
2204;930;70;30;258
2211;14435;60;40;1236
2212;540;80;20;996
2215;16300;70;30;1426
2216;785;50;50;1143
2221;13170;60;40;2381
2222;15;-99997;-99997;1592
2223;6155;60;40;1956
2224;9570;50;50;2613
2225;14030;70;30;2343
2231;16310;70;30;2052
2232;520;70;30;1453
2235;6260;80;20;1218
2241;10280;50;50;1871
2242;9235;60;40;1705
2243;3065;70;30;375
2244;2100;80;20;484
2245;2185;50;50;453
2251;11370;60;40;1731
2252;5195;70;30;1686
2253;8210;60;40;2205
2254;850;80;20;1243
2261;4980;60;40;2209
2262;3185;40;60;2906
2263;5855;40;60;2447
2264;8705;60;40;2964
2265;4735;60;40;2493
2266;6460;50;50;1354
2267;420;100;0;1299
2271;7200;70;30;2397
2272;8500;60;40;2832
2273;10220;40;60;4133
2274;11595;60;40;3909
2275;4795;80;20;2539
2281;4675;80;20;4016
2282;10440;50;50;3997
2283;6790;50;50;3152
2284;4675;30;70;3657
2285;8215;50;50;3277
2286;13030;50;50;2627
2287;4230;30;70;3056
2288;3070;60;40;2044
2289;1815;70;30;1493
2291;13780;70;30;2273
2292;2925;70;30;2080
2295;3815;70;30;594
2311;10800;30;70;5506
2312;14295;20;80;5584
2313;12285;60;40;4266
2314;6135;60;40;2786
2315;8540;30;70;4547
2316;10350;40;60;4651
2317;10805;60;40;2546
2318;3280;80;20;2070
2321;11715;20;80;3775
2322;195;60;40;748
2323;170;90;10;1234
2324;9780;50;50;3316
2331;10775;60;40;2146
2332;10110;40;60;2966
2333;3330;30;70;2348
2334;2505;70;30;2216
2341;10255;70;30;1886
2342;3900;80;20;1207
2343;11345;70;30;1815
2351;5345;80;20;1683
2352;9010;50;50;3246
2353;13110;70;30;2222
2355;1690;70;30;208
2361;4915;60;40;783
2362;165;70;30;69
2371;9430;60;30;1036
2374;700;70;30;168
2375;1655;60;40;216
2376;695;80;20;396
2377;3810;60;40;837
2381;5685;70;30;564
2382;3545;70;30;1229
2391;6170;70;30;500
2394;5500;70;30;831
2396;4120;60;40;810
2401;9230;60;40;1938
2402;13585;50;50;3042
2403;10135;60;40;2181
2404;4895;50;50;2169
2405;7985;60;40;2982
2406;9510;70;30;2681
2407;885;80;20;239
2408;17830;70;30;2101
2409;40;80;-99997;126
2411;17910;70;30;1597
2412;1670;80;20;920
2415;1835;80;20;203
2421;9420;70;30;782
2431;1805;80;20;211
2432;190;90;10;74
2435;3040;70;30;225
2441;4360;70;30;409
2445;1190;70;30;104
2451;4600;70;30;551
2461;9580;70;30;455
2465;1220;70;30;167
2471;1890;60;40;220
2481;3640;70;30;478
2491;250;90;10;1308
2492;12430;70;30;1469
2493;8125;70;30;1475
2495;185;90;10;1296
2496;11325;50;50;1761
2497;10275;60;40;1682
2498;5690;60;40;1085
2511;4785;20;80;6838
2512;14560;20;80;8647
2513;8055;30;70;7923
2514;3750;40;60;5118
2515;12880;10;90;7426
2516;11410;10;90;5361
2517;11335;50;50;5986
2518;11525;30;70;7087
2521;12295;10;90;7267
2522;12800;40;60;6552
2523;5650;40;60;5690
2524;6845;40;60;4625
2525;15255;30;70;7569
2526;12925;20;80;8575
2531;8715;30;70;4589
2532;5990;10;90;3974
2533;7320;10;90;4334
2541;8110;20;80;4284
2542;10460;20;80;3331
2543;6505;20;80;3661
2544;12250;30;70;3433
2545;12555;40;60;4654
2546;6215;70;30;5674
2547;8190;50;50;6186
2548;23280;60;40;2670
2551;11280;40;60;4585
2552;16240;50;50;4335
2553;11015;50;50;2277
2554;2215;50;50;1693
2555;9090;50;50;3858
2561;5465;50;50;8109
2562;10980;30;70;8740
2563;10430;50;50;7730
2564;11495;70;30;5325
2565;12275;70;30;5477
2566;6645;80;20;3232
2571;10880;20;80;8522
2572;9770;40;60;7645
2573;10555;50;50;7517
2574;7270;50;50;7432
2581;3190;80;20;4056
2582;9210;60;40;4373
2583;11810;40;60;3158
2584;7120;40;60;4304
2585;6820;50;50;3420
2586;7955;60;40;3726
2587;8355;60;40;2763
2591;7455;40;60;2945
2592;6915;30;70;3332
2593;8815;50;50;4147
2594;1995;60;40;3219
2595;9200;40;60;4589
2596;8010;60;40;2690
2597;8725;70;30;1600
2611;13250;40;60;4711
2612;9320;40;60;2707
2613;13010;50;50;4695
2614;12840;50;50;3188
2616;105;80;20;1443
2622;7990;50;50;2238
2623;6005;50;50;2176
2624;13540;30;70;4494
2625;13405;30;70;3607
2626;60;70;30;1263
2627;1450;50;50;3990
2628;13295;20;80;2879
2629;300;60;40;916
2631;15315;70;30;1795
2632;3725;70;30;2004
2635;8480;70;30;2334
2636;4380;70;30;444
2641;14650;70;30;1399
2642;8595;80;20;1589
2643;5220;50;50;1508
2645;9065;80;20;1324
2651;18885;70;30;1355
2652;14070;70;30;1475
2661;13240;80;20;1463
2662;5930;70;30;1620
2665;11985;70;30;980
2671;13080;60;40;1979
2672;5970;80;20;1607
2673;3165;90;10;1560
2675;7660;70;30;797
2676;4430;70;30;537
2678;12455;70;30;1039
2681;14165;70;30;1348
2684;730;20;80;1368
2685;7240;60;40;901
2691;13930;70;30;1523
2692;4170;70;30;1560
2693;1620;80;20;1319
2694;3310;80;20;1655
2711;4830;20;80;3691
2712;5280;70;30;2604
2713;6360;50;50;3440
2715;5690;40;60;3545
2716;10060;50;50;2630
2717;7690;40;60;2419
2718;8905;70;30;1761
2719;11810;70;30;1720
2721;10880;60;40;1728
2722;5070;30;70;2821
2723;3780;60;40;2481
2724;7145;60;40;3175
2725;5860;70;30;2149
2726;6110;50;50;2969
2727;5255;60;40;2742
2728;8635;70;30;1865
2729;12395;60;40;2149
2731;3600;70;30;808
2735;75;100;-99997;94
2741;11865;60;40;1639
2742;12510;60;40;1610
2743;6965;70;30;1379
2751;4780;70;30;537
2752;340;80;20;241
2761;9055;70;30;761
2771;16370;60;40;948
2801;8515;40;60;3611
2802;9625;50;50;2419
2803;9445;50;50;2287
2804;12045;60;40;2173
2805;10735;60;40;2858
2806;9815;60;40;3145
2807;10795;60;40;1524
2808;435;80;20;1703
2809;2685;70;30;819
2811;10635;70;30;843
2821;5410;70;30;429
2825;1715;80;20;126
2831;2585;60;40;982
2841;8975;70;30;1064
2851;4370;70;30;492
2855;645;70;30;55
2861;7100;70;30;671
2865;1700;60;40;442
2871;11975;60;40;1198
2872;1405;90;10;568
2901;9370;80;20;1983
2902;8365;60;40;2565
2903;8390;40;60;2895
2904;8175;60;40;2401
2905;6755;30;70;2359
2906;5585;40;60;2309
2907;13945;50;50;2185
2908;3295;50;50;2047
2909;3310;60;40;1444
2911;7785;70;30;1359
2912;6570;60;40;1895
2913;505;90;10;753
2914;7790;70;30;1662
2921;2275;90;10;1458
2922;6945;50;50;2445
2923;6240;60;40;2072
2924;4290;60;40;1936
2925;7050;60;40;1687
2926;2610;70;30;1518
2931;6525;60;40;897
2935;5840;80;20;481
2941;7790;70;30;958
2951;10555;60;40;1831
2952;1045;90;10;825
2953;5860;60;40;1205
2954;2630;80;20;1649
2957;8615;60;40;828
2959;2485;70;30;240
2961;805;90;10;639
2964;4285;70;30;487
2965;1435;60;40;426
2967;1730;60;40;324
2968;135;90;-99997;52
2969;2315;80;20;237
2971;2880;70;30;294
2973;1205;70;30;200
2974;1355;70;30;162
2975;960;70;30;65
2977;940;80;20;87
2981;3285;50;50;2330
2982;6645;40;60;1860
2983;9480;70;30;1492
2984;3470;90;10;1692
2985;4700;60;40;2098
2986;8135;50;50;1832
2987;7785;50;50;1973
2988;2800;80;20;426
2989;805;80;20;886
2991;13200;70;30;1579
2992;14490;70;30;1810
2993;14160;70;30;1717
2994;6865;70;30;1526
2995;3820;70;30;534
3011;18045;30;70;6453
3012;6335;20;80;6489
3013;1055;40;60;7118
3014;7770;10;90;6665
3015;3050;40;60;5903
3016;2450;40;60;3781
3021;11890;30;70;7030
3022;10025;30;70;6071
3023;9495;30;70;7516
3024;9650;30;70;4619
3025;7130;20;80;5621
3026;7370;10;90;6579
3027;10085;30;70;4910
3028;7710;30;70;3686
3029;4365;10;90;3435
3031;8300;20;80;7795
3032;6475;30;70;8244
3033;4770;30;70;7281
3034;11725;10;90;5985
3035;6875;20;80;8102
3036;7860;20;80;6448
3037;7770;40;60;6641
3038;8040;30;70;5929
3039;10450;60;40;5205
3041;180;-99997;-99997;2119
3042;7915;30;70;1943
3043;7155;60;40;1790
3044;125;60;40;1485
3045;4370;80;20;997
3046;335;90;10;60
3047;65;80;20;509
3051;7960;70;30;3183
3052;6445;30;70;2774
3053;10420;40;60;2417
3054;7845;50;50;2088
3055;8145;70;30;1704
3056;3350;80;20;886
3059;12910;70;30;1194
3061;15860;30;70;5713
3062;8445;50;50;3123
3063;10390;30;70;3529
3064;1655;70;30;1544
3065;8180;60;40;2029
3066;10295;40;60;2942
3067;21055;40;60;3322
3068;22645;40;60;2913
3069;18880;40;60;2646
3071;20030;30;70;4579
3072;16630;20;80;4802
3073;14090;20;80;6447
3074;12280;20;80;4764
3075;13540;10;90;4128
3076;14410;30;70;2620
3077;17880;50;50;2217
3078;12725;30;70;2666
3079;16170;40;60;2772
3081;12400;20;80;5847
3082;12105;30;70;3653
3083;14515;30;70;5083
3084;2165;20;80;2163
3085;13855;20;80;2737
3086;12395;30;70;2620
3087;1830;30;70;2309
3088;20;60;40;371
3089;1760;40;60;314
3111;5125;50;50;5105
3112;11250;40;60;4453
3113;10;-99997;60;3637
3114;6235;50;50;2099
3115;25;50;50;994
3116;3290;70;30;3369
3117;9430;50;50;3794
3118;5895;40;60;3228
3119;9615;40;60;3694
3121;3480;70;30;2433
3122;9560;30;70;3098
3123;7325;60;40;2607
3124;8100;80;20;1848
3125;305;70;30;1103
3131;15380;50;50;3563
3132;12665;40;60;2062
3133;1400;30;70;1988
3134;7305;60;40;3236
3135;12780;60;40;2627
3136;11255;30;70;3134
3137;13355;50;50;2481
3138;5;-99997;-99997;1135
3141;6190;50;50;2056
3142;5635;30;70;2477
3143;2590;70;30;2217
3144;6930;50;50;2293
3145;6955;60;40;1918
3146;4790;80;20;1234
3147;1060;80;20;1666
3151;10340;40;60;1024
3155;6625;70;30;751
3161;9025;70;30;959
3162;7445;80;20;1121
3171;5830;60;40;1191
3172;1105;60;40;655
3176;2530;80;20;983
3181;12455;50;50;1216
3191;9860;60;40;2423
3192;13080;30;70;2181
3193;6230;50;50;1593
3194;6405;60;40;1751
3195;4865;70;30;741
3199;5;-99997;-99997;7
3201;14870;50;50;2779
3202;7150;50;50;1705
3203;3725;40;60;3182
3204;7160;40;60;3259
3205;8405;70;30;2479
3206;10050;50;50;2385
3207;15240;70;30;1690
3208;5985;60;40;1732
3209;1690;70;30;969
3211;1615;60;40;299
3212;595;70;30;180
3214;6100;70;30;759
3216;1270;80;20;151
3218;2475;80;20;417
3221;5420;50;50;1290
3222;4105;60;40;1185
3223;13385;70;30;1504
3224;8290;70;30;1924
3225;8080;60;40;1723
3227;1230;70;30;149
3231;4135;60;40;1079
3232;9660;60;40;1101
3233;7850;70;30;717
3234;565;90;10;110
3235;6550;70;30;552
3237;1890;80;20;256
3238;1910;80;20;254
3241;7755;60;40;1119
3243;1510;70;30;194
3244;2420;60;40;257
3245;7195;60;40;1274
3247;5935;70;30;642
3248;2215;70;30;303
3249;1265;60;40;253
3251;3520;60;40;529
3252;2260;80;20;283
3253;6245;70;30;489
3255;5205;60;40;695
3256;1105;60;40;108
3257;2705;70;30;377
3258;1715;70;30;184
3261;10580;70;30;1246
3262;9550;60;40;1686
3263;4675;80;20;1238
3264;4285;80;20;479
3265;1725;70;30;220
3267;2030;70;30;189
3271;4750;80;20;432
3273;2070;80;20;358
3274;3615;70;30;281
3281;9210;70;30;786
3284;3625;70;30;345
3286;4175;80;20;428
3291;7890;70;30;696
3292;470;80;20;64
3293;470;60;40;73
3295;9055;70;30;987
3297;7240;60;40;856
3299;3275;80;20;363
3311;16700;50;50;3778
3312;11455;70;30;2709
3313;5655;60;40;1417
3314;16005;50;50;3356
3315;18595;70;30;1877
3316;830;90;10;399
3317;14660;40;60;2773
3318;5855;30;70;2486
3319;10435;70;30;1674
3328;17050;80;20;2041
3329;2295;80;20;963
3331;11460;60;40;2742
3332;9825;50;50;2742
3333;7085;50;50;1958
3334;6195;50;50;1597
3335;6340;80;20;1320
3336;65;90;-99997;1200
3341;8540;70;30;1630
3342;6355;80;20;1447
3343;6655;70;30;2010
3344;10115;70;30;2333
3351;9170;60;40;2148
3352;3355;70;30;1551
3353;6070;40;60;2440
3354;2425;80;20;2199
3355;5785;70;30;1857
3356;5405;80;20;974
3361;6560;70;30;1693
3362;11255;50;50;1940
3363;7820;70;30;1194
3364;250;80;20;1019
3366;720;80;20;65
3371;12750;70;30;1153
3372;4670;60;40;559
3373;1090;80;20;763
3381;4880;80;20;316
3401;12140;60;40;2041
3402;9390;50;50;1965
3403;1985;90;10;1111
3404;9915;80;20;1672
3405;3625;70;30;279
3411;8110;70;30;499
3412;1195;80;20;105
3413;285;90;10;79
3415;1295;80;20;79
3417;9905;70;30;851
3421;8265;70;30;954
3425;785;90;10;496
3431;8070;40;60;2843
3432;6450;50;50;1857
3433;3495;60;40;1381
3434;8680;60;40;1505
3435;6025;70;30;1909
3436;6375;70;30;2443
3437;13280;70;30;1984
3438;10170;70;30;1886
3439;2005;10;90;974
3441;2805;50;50;2149
3442;4340;60;40;2338
3443;7475;50;50;1905
3444;265;90;10;696
3445;4630;60;40;1390
3446;9170;90;10;1217
3447;10;-99997;-99997;946
3448;9130;60;40;1515
3449;660;60;40;1834
3451;13010;70;30;1332
3452;15150;70;30;1705
3453;9125;80;20;1530
3454;13005;80;20;1557
3455;445;80;20;139
3461;3910;80;20;472
3464;380;80;20;42
3465;2045;80;20;199
3466;1655;80;20;177
3467;730;80;20;116
3471;3925;70;30;305
3474;2315;80;20;198
3481;8150;80;20;743
3511;9285;30;70;5624
3512;8445;30;70;6080
3513;6890;30;70;5637
3514;7535;60;40;6137
3515;6090;40;60;5664
3521;6725;50;50;4190
3522;8830;40;60;4632
3523;10155;40;60;4407
3524;11275;40;60;2251
3525;6095;40;60;3036
3526;12310;20;80;3252
3527;13005;20;80;3551
3528;20;-99997;-99997;1069
3531;11080;40;60;4354
3532;7060;50;50;4465
3533;9245;60;40;3480
3534;1285;90;10;2439
3541;8890;40;60;2400
3542;160;70;30;659
3543;11540;50;50;1734
3544;22510;60;40;2261
3545;1700;70;30;655
3546;210;90;10;221
3551;6885;40;60;4660
3552;7695;30;70;4732
3553;6920;60;40;3545
3554;7730;40;60;4179
3555;8545;40;60;2149
3561;9130;20;80;3675
3562;7890;20;80;3906
3563;7695;20;80;3809
3564;9405;20;80;2954
3565;40;40;60;1113
3566;340;80;20;1517
3571;10085;70;30;3835
3572;11515;60;40;4761
3573;5020;70;30;1879
3581;9755;50;50;5003
3582;8985;30;70;4331
3583;5990;50;50;2924
3584;6665;30;70;1031
3585;200;80;20;784
3601;7145;50;50;1483
3602;3515;80;20;1011
3603;2675;80;20;2189
3604;2545;80;20;1213
3605;5750;40;60;2177
3606;495;-99997;100;1272
3607;13635;80;20;1776
3608;3295;70;30;1318
3611;600;90;10;534
3612;1805;80;20;137
3615;1170;80;20;100
3621;10705;60;40;880
3625;200;80;20;64
3626;705;80;20;62
3628;3460;70;30;306
3631;470;80;20;144
3632;4460;60;40;550
3633;1920;70;30;257
3634;480;90;10;108
3641;11355;60;40;1316
3642;3130;60;40;1185
3643;1470;80;20;751
3645;9480;70;30;638
3646;805;80;20;57
3648;7260;70;30;701
3651;140;90;-99997;57
3652;575;80;20;87
3653;35;90;-99997;74
3701;6450;50;50;2436
3702;3915;60;40;2853
3703;6150;50;50;1767
3704;10065;50;50;1788
3705;9705;50;50;2059
3706;5145;30;70;1437
3707;6040;70;30;1649
3708;6735;50;50;1114
3709;330;80;20;413
3711;1790;80;20;214
3712;3425;40;60;607
3721;8375;50;50;1836
3722;4575;60;40;1192
3723;10155;60;40;1139
3731;6120;70;30;1718
3732;4725;60;40;1678
3734;4515;60;40;625
3735;1710;80;20;408
3737;1935;90;10;255
3738;4890;60;40;615
3739;1560;80;20;183
3741;9415;60;40;1685
3742;9395;60;40;1719
3743;4740;70;30;1781
3744;1045;20;80;171
3749;280;60;40;87
3751;8680;70;30;1174
3752;12820;70;30;1287
3754;825;90;10;69
3755;9450;70;30;960
3761;4955;70;30;1390
3762;8400;60;40;2008
3763;2375;80;20;1310
3764;5465;60;40;1367
3765;5190;50;50;2184
3766;7245;70;30;1763
3768;6135;80;20;785
3769;7355;60;40;834
3771;11405;60;40;1127
3772;20450;60;40;1450
3773;3490;80;20;826
3774;5830;80;20;195
3775;295;80;20;82
3776;1670;80;20;187
3781;11515;70;30;778
3784;1500;80;20;98
3785;1520;70;30;160
3791;2625;70;30;333
3792;150;80;20;89
3794;605;50;50;53
3811;7095;30;70;4148
3812;12600;40;60;2227
3813;15040;50;50;2687
3814;6190;40;60;3889
3815;11240;50;50;2662
3816;11870;40;60;2906
3817;11965;60;40;2621
3818;10565;70;30;1723
3819;520;10;90;700
3821;470;20;80;1399
3822;7715;70;30;2106
3823;10985;70;30;2195
3824;14415;80;20;1697
3825;14545;70;30;1830
3826;8140;60;40;1416
3828;10195;80;20;1683
3829;4915;80;20;1159
3831;13385;70;30;1567
3832;5170;80;20;667
3833;7070;70;30;1485
3834;2095;80;20;1399
3835;365;80;20;256
3836;130;80;20;235
3841;6145;40;50;1943
3842;6785;50;50;2328
3843;6755;50;50;1673
3844;9075;60;40;1597
3845;10450;70;30;1361
3846;1370;70;30;743
3847;920;80;20;773
3848;4015;70;30;1295
3849;3335;80;20;240
3851;11735;60;40;1326
3852;5460;60;40;579
3853;10065;60;40;805
3861;9555;60;40;1313
3862;12985;70;30;1257
3863;7775;70;30;1111
3864;4255;70;30;376
3871;9745;80;20;989
3881;10945;70;30;887
3882;13645;70;30;961
3886;2155;70;30;230
3888;3370;70;30;177
3891;4985;60;40;1278
3892;5305;70;30;989
3893;6135;80;20;1014
3894;4860;70;30;890
3896;435;70;30;213
3897;1375;80;20;94
3898;180;70;20;41
3899;70;30;70;130
3901;10115;40;60;3307
3902;10350;60;40;2121
3903;7230;70;30;1550
3904;13465;60;40;2144
3905;13945;60;40;2375
3906;6885;80;20;1371
3907;5690;70;30;929
3911;14965;60;40;1038
3912;615;60;40;1285
3921;4300;70;30;504
3922;385;90;10;281
3925;10315;70;30;948
3927;5650;70;30;529
3931;13870;70;30;986
3941;10325;60;40;543
3945;3265;70;30;375
3947;2465;70;30;203
3951;4630;80;20;486
3953;1410;70;30;131
3956;7640;70;30;699
3958;5480;60;40;713
3959;1550;90;10;193
3961;9460;60;40;1366
3962;8730;80;20;1450
3971;8090;70;30;1036
3972;10855;60;40;1340
3981;7160;70;30;756
3984;5880;70;30;736
3985;2565;80;20;263
3989;15;-99997;-99997;105
3991;18075;80;20;1654
3992;5950;70;30;1547
3993;4930;60;40;1557
3994;13965;70;30;1580
3995;3875;30;70;2223
3997;640;80;20;84
3998;2125;80;20;139
3999;760;80;20;61
4001;10800;40;60;2095
4002;2275;60;40;1613
4003;7910;50;50;1161
4004;60;40;60;227
4005;5885;60;40;1589
4006;3640;20;80;1309
4007;9600;80;20;1012
4011;1745;80;20;121
4012;1410;90;10;175
4013;700;90;10;156
4014;1140;80;20;143
4016;185;90;10;33
4017;125;70;30;515
4021;4780;70;30;452
4023;665;70;30;56
4024;1600;80;20;167
4031;2145;70;30;174
4032;735;80;20;84
4033;5860;70;30;390
4041;6855;70;30;536
4043;6355;60;40;523
4051;5145;70;30;457
4053;1160;70;30;118
4054;1055;80;20;93
4061;1675;80;20;140
4062;155;90;10;223
4063;420;70;30;63
4064;1065;80;20;125
4101;7650;60;40;1685
4102;7975;50;50;1582
4103;1465;80;20;1593
4104;75;60;40;797
4105;10655;70;30;1426
4106;1055;80;20;715
4107;525;90;10;184
4111;640;90;10;121
4112;3255;80;20;396
4115;380;80;20;62
4116;2655;70;30;295
4117;510;90;10;104
4119;505;80;20;59
4121;1205;80;20;110
4122;865;80;20;108
4124;1470;80;20;272
4125;2345;80;20;445
4126;1005;70;30;89
4128;2960;70;30;257
4131;4160;40;60;1074
4132;4855;70;30;1373
4133;7515;70;30;968
4141;5375;70;30;1621
4142;7370;30;70;1404
4143;6515;60;40;1257
4145;1675;80;20;165
4147;3235;70;30;549
4151;565;80;20;117
4152;895;80;20;130
4153;3345;70;30;445
4155;345;90;10;124
4156;905;80;20;214
4157;575;70;30;102
4158;2045;80;20;249
4161;2415;70;30;310
4163;230;90;10;384
4171;2780;70;30;258
4174;1040;70;30;96
4175;2845;60;40;350
4176;1095;80;20;191
4181;2365;70;30;273
4182;455;90;10;65
4184;1175;80;20;142
4185;550;80;20;67
4191;10875;70;30;937
4194;5050;80;20;676
4196;2150;80;20;306
4197;1140;80;20;411
4201;5855;40;60;1987
4202;80;80;-99997;890
4203;170;20;80;1730
4204;5105;20;80;1820
4205;9775;50;50;2040
4206;2915;40;60;1633
4207;9980;70;30;1491
4208;2865;70;30;781
4209;1340;80;20;177
4211;765;80;20;135
4212;135;80;20;152
4213;890;90;10;543
4214;2130;70;30;218
4221;1420;80;20;142
4223;1935;70;30;227
4225;1775;80;20;132
4231;3865;70;30;388
4233;3125;70;30;489
4235;800;80;20;330
4241;3425;60;40;464
4243;1035;80;20;86
4245;1555;70;30;105
4247;850;80;20;122
4251;11275;60;40;933
4254;6005;80;20;623
4255;3665;60;40;388
4261;6665;70;30;584
4264;3090;70;30;361
4265;1740;80;20;203
4266;895;70;30;123
4267;415;90;10;42
4268;720;80;20;88
4269;425;90;10;33
4271;2540;70;30;252
4273;4345;70;30;376
4281;2610;70;30;289
4283;1635;70;30;296
4284;1920;60;40;308
4285;4670;70;30;528
4286;3765;70;30;301
4287;280;90;10;60
4288;350;80;20;70
4301;9230;50;50;1101
4302;1270;70;30;802
4303;1225;80;20;494
4305;590;80;20;98
4306;2715;80;20;313
4307;2320;70;30;285
4308;320;90;10;47
4311;3800;70;30;493
4315;970;70;30;118
4316;760;80;20;111
4317;775;80;20;59
4318;1250;70;30;255
4321;990;80;20;70
4322;1250;70;30;269
4323;355;70;30;100
4325;1485;60;40;276
4326;305;80;20;126
4327;260;80;20;44
4328;4275;70;20;313
4331;6530;50;50;2807
4332;3995;60;40;1669
4333;5330;70;30;1423
4334;3110;70;30;1407
4335;7375;50;50;1760
4336;6965;70;30;1986
4337;9110;50;50;1836
4338;65;80;20;421
4339;1350;80;20;247
4341;5365;70;30;543
4351;1620;70;20;173
4352;500;80;20;70
4353;1800;80;20;270
4354;1050;80;20;228
4356;2460;80;20;400
4357;1490;70;30;488
4361;2610;80;20;466
4363;1480;80;20;155
4364;1395;80;20;164
4365;1495;80;20;162
4371;3440;80;20;426
4373;860;80;20;112
4374;1650;80;20;393
4381;7580;40;60;2466
4382;8145;40;60;2559
4383;3185;50;50;2400
4384;5545;70;30;1358
4385;5260;70;30;1748
4386;3745;90;10;1334
4387;535;90;10;1007
4388;10055;70;30;1568
4389;535;80;20;146
4401;7005;70;30;810
4411;2995;70;30;299
4413;4360;70;30;503
4414;1440;90;10;132
4415;620;90;10;65
4416;4770;70;30;486
4417;1735;60;40;295
4421;9385;80;20;770
4423;520;80;20;117
4424;3095;80;20;475
4431;4715;70;30;487
4433;720;80;20;97
4434;965;70;30;116
4435;605;90;10;57
4436;680;90;10;87
4437;370;80;20;63
4438;575;90;10;77
4441;1195;80;20;153
4443;615;90;10;72
4444;510;90;10;66
4451;5480;70;30;580
4453;1965;70;30;257
4454;1440;80;20;159
4455;1235;80;20;143
4456;1775;80;20;189
4458;1680;80;20;170
4461;11195;50;50;2044
4462;7070;50;50;1533
4463;7460;50;50;1199
4464;2535;90;10;753
4465;905;100;0;422
4471;2240;80;20;217
4472;1140;90;10;279
4474;535;80;10;76
4475;820;80;20;171
4481;3355;80;20;1151
4482;20;-99997;-99997;86
4484;1980;80;20;342
4485;465;90;10;63
4486;1585;60;30;314
4491;1190;70;20;188
4493;2090;80;20;206
4494;355;60;40;74
4501;4610;60;40;755
4503;975;70;20;149
4504;400;70;20;253
4505;475;70;20;95
4506;735;50;30;425
4507;1405;80;20;237
4508;525;80;10;34
4511;4585;60;30;647
4513;710;70;20;136
4515;2315;80;20;317
4521;1570;80;20;194
4522;205;90;10;10
4524;2335;60;30;462
4525;275;50;30;178
4527;2345;70;30;301
4528;330;80;10;19
4529;915;80;20;94
4531;2630;40;50;1287
4532;6890;70;30;1690
4533;4135;90;10;664
4535;4535;80;20;1117
4536;3135;40;60;1389
4537;3880;60;40;1522
4538;295;70;30;864
4539;195;100;-99997;38
4541;2295;70;30;346
4542;2920;70;20;330
4543;2755;80;20;221
4551;3795;70;30;506
4553;2060;80;20;285
4554;1945;80;20;225
4561;9880;60;40;861
4562;1095;90;10;401
4564;3175;80;20;512
4565;380;90;10;141
4566;1155;90;10;123
4567;2325;80;20;279
4568;960;80;10;122
4569;940;80;10;84
4571;7815;60;40;837
4574;905;80;20;92
4575;245;90;0;22
4576;2485;80;20;199
4581;1875;80;20;180
4583;450;90;10;52
4584;245;90;10;36
4585;690;80;10;54
4586;555;80;20;82
4587;3155;70;30;431
4588;335;90;10;49
4589;315;90;10;37
4611;9345;50;50;2891
4612;285;90;10;869
4613;3785;60;40;1922
4614;7085;70;30;1618
4615;5445;50;50;2519
4616;1185;60;40;1918
4617;7425;80;20;1166
4621;4370;40;60;2894
4622;470;70;30;1641
4623;4055;50;50;1703
4624;6595;50;50;2248
4625;3435;60;40;1015
4631;9415;70;30;889
4634;1495;70;30;470
4635;2070;80;20;260
4641;5275;80;20;525
4645;3860;70;20;559
4651;12525;70;30;935
4652;530;80;20;1097
4655;755;80;20;42
4661;12480;70;30;975
4664;1935;70;30;236
4671;5800;60;40;702
4675;2710;80;20;272
4681;2310;80;20;263
4691;8345;70;30;751
4693;1770;70;30;188
4694;1855;80;20;255
4695;3450;60;40;492
4696;1695;70;30;234
4697;3870;70;30;560
4698;2710;80;20;340
4701;6535;50;50;2972
4702;12980;50;50;2159
4703;7500;50;50;1956
4704;105;40;60;423
4705;325;90;10;594
4706;11260;70;30;1339
4707;16130;50;50;2037
4708;12160;80;20;1381
4709;1720;80;20;163
4711;9555;60;40;1017
4714;5220;70;30;630
4715;4790;70;30;437
4721;1340;80;20;119
4722;220;90;10;79
4724;4830;80;20;634
4725;1225;80;20;69
4726;1855;90;10;189
4727;610;90;10;56
4731;12895;60;40;1069
4735;2040;70;30;269
4741;6810;70;30;588
4744;2530;70;30;305
4751;7355;80;20;585
4754;1180;70;30;156
4756;2340;80;20;209
4758;2250;70;30;265
4759;1050;80;20;137
4761;13165;60;40;1352
4762;1365;70;30;664
4765;1640;70;30;184
4766;20;-99997;-99997;47
4771;635;80;20;74
4772;245;80;20;75
4781;575;60;40;174
4782;530;70;30;104
4791;5920;60;40;621
4793;5560;60;40;611
4794;955;80;20;61
4796;275;90;10;57
4797;3150;60;40;283
4811;17240;30;70;3941
4812;10140;40;60;2803
4813;8550;60;40;1901
4814;11455;40;60;2871
4815;4285;60;40;1999
4816;4585;40;60;2907
4817;15720;40;60;2096
4818;8985;70;30;3091
4819;3625;70;30;2940
4822;7845;60;40;1375
4823;8710;70;30;1226
4824;8850;70;30;1268
4825;100;80;20;780
4826;9170;40;60;2250
4827;7710;30;70;2377
4834;11935;60;40;2242
4835;6825;80;20;2549
4836;880;80;20;77
4837;2235;60;40;1768
4838;1220;80;20;110
4839;395;100;0;281
4841;12250;80;20;1142
4844;6200;70;30;787
4845;2215;80;20;270
4847;8560;80;20;921
4849;3180;90;10;313
4851;5035;80;20;561
4854;8370;80;20;886
4855;1075;80;20;116
4856;345;80;20;31
4858;310;90;10;85
4859;50;80;-99997;16
4861;4325;70;30;342
4871;17045;70;30;1665
4872;8775;60;40;2086
4873;6055;70;30;1583
4874;2975;70;30;1236
4875;1815;70;30;1906
4876;7265;60;40;1580
4877;25;-99997;-99997;414
4878;5;-99997;-99997;268
4879;190;90;10;652
4881;8285;70;30;909
4882;2415;90;10;292
4884;3060;80;20;195
4885;1720;80;20;92
4891;6765;80;20;493
4901;10680;50;40;2380
4902;8820;60;40;1818
4903;400;80;20;394
4904;12025;50;50;1303
4905;935;90;10;1627
4906;4610;70;30;832
4907;10260;60;40;1651
4908;3095;60;40;1201
4909;1230;90;10;118
4911;1300;90;10;177
4921;12510;70;30;1142
4924;555;80;20;66
4926;4220;70;30;383
4927;1750;80;20;179
4931;7190;60;40;1120
4941;8840;60;40;1234
4942;3675;70;30;1293
4944;2240;70;30;241
5011;11985;30;70;2678
5012;4840;60;40;1738
5013;735;60;40;2565
5014;11905;50;50;3695
5015;715;90;10;926
5017;5875;50;50;3939
5018;3905;70;30;1807
5021;12350;40;60;4095
5022;8425;40;60;2014
5025;12710;40;60;3915
5026;1610;80;20;1364
5032;6130;90;10;1011
5035;7945;70;30;1481
5036;8955;70;30;1030
5037;10460;40;60;2919
5038;15255;30;70;5186
5041;9455;40;60;4856
5042;12675;40;60;3173
5043;9125;60;40;1631
5044;8110;30;70;2032
5045;18330;80;20;1605
5046;12305;40;60;3868
5047;145;80;20;673
5048;60;30;70;760
5049;7205;30;70;2004
5051;14475;70;30;1401
5052;4575;80;20;1057
5053;1965;80;20;949
5056;11720;80;20;953
5057;1720;40;60;1155
5059;350;80;20;438
5061;12585;60;40;1354
5062;5980;90;10;788
5063;1565;60;40;1042
5066;6100;80;20;595
5071;8365;70;30;734
5074;1430;70;30;102
5076;5925;70;30;462
5081;8770;70;30;854
5084;1030;90;10;102
5085;1255;80;20;125
5087;3855;80;20;331
5089;895;90;10;84
5091;6055;80;20;267
5094;1810;70;30;178
5095;1865;80;20;165
5096;825;90;10;94
5101;3660;60;40;1442
5102;6565;70;30;1327
5103;6515;80;20;1281
5104;5975;60;40;1548
5105;400;90;10;163
5106;1065;80;20;130
5107;40;70;30;415
5109;2265;70;30;268
5111;5675;70;30;397
5113;1130;80;20;74
5114;130;80;10;22
5121;12305;60;40;1384
5122;4435;70;30;1275
5124;1235;90;10;110
5125;450;90;10;198
5126;8140;60;40;723
5131;4315;80;20;399
5133;2960;90;10;300
5141;6410;60;40;1672
5142;9800;50;50;1823
5143;4365;70;30;1551
5144;9250;60;40;1728
5145;350;60;40;361
5146;4275;70;30;1075
5151;12870;70;30;1488
5152;5440;70;30;1572
5154;1880;80;20;394
5156;2730;60;40;482
5157;90;80;20;15
5158;185;90;10;184
5161;9685;60;40;729
5165;5205;70;30;430
5171;14080;60;40;1258
5172;2800;70;30;1148
5175;6255;70;30;675
5176;620;90;10;48
5211;13240;30;70;3942
5212;7120;40;60;3467
5213;8185;30;70;3085
5215;5175;40;60;2799
5216;7090;50;50;2072
5221;5695;90;10;393
5222;130;20;80;1046
5223;13405;30;70;2428
5224;8915;40;60;1666
5231;10430;40;60;1888
5232;1335;90;10;1325
5233;8130;40;60;1734
5234;90;60;40;1062
5235;6810;60;40;1790
5236;6610;80;20;896
5237;9310;80;20;1229
5241;6440;70;30;1556
5242;4890;80;20;1157
5243;2660;70;30;1547
5244;3070;60;40;801
5245;4820;70;30;880
5246;5905;70;30;1387
5247;8015;70;30;1077
5248;1500;90;10;490
5249;335;80;20;152
5251;13365;60;40;1141
5252;2075;70;30;1321
5253;2130;80;20;501
5254;2435;80;20;279
5255;780;90;10;151
5256;1305;50;50;446
5257;280;90;10;33
5258;10430;80;20;664
5261;6915;60;40;1277
5262;13435;60;40;1543
5263;5655;80;20;827
5264;80;70;30;604
5266;825;80;20;108
5268;4865;70;30;423
5271;10745;70;30;720
5272;1610;60;40;784
5275;4705;80;20;590
5281;7135;50;50;1455
5282;6840;50;50;1211
5283;12220;70;30;1388
5291;1270;80;20;185
5292;260;90;10;68
5293;530;80;20;200
5294;170;90;10;158
5296;2140;80;20;252
5298;4795;80;20;405
5301;10615;60;40;1182
5302;2710;60;40;1087
5305;1845;80;20;172
5306;3165;80;20;337
5307;1160;80;20;140
5308;2210;70;30;249
5311;2635;70;30;286
5313;925;80;20;100
5314;1760;80;20;189
5315;695;80;20;94
5316;415;90;10;59
5317;1780;80;20;177
5318;35;50;50;7
5321;5055;80;20;542
5324;3715;70;30;467
5325;1070;80;20;167
5327;885;80;20;114
5328;2850;70;30;296
5331;7905;60;40;756
5333;290;90;10;187
5334;1725;80;20;172
5335;635;80;20;103
5341;6870;40;60;2844
5342;6890;60;40;1543
5343;5505;60;40;1432
5344;7940;50;50;1830
5345;13470;70;30;1840
5346;7370;70;30;1818
5347;1250;70;30;988
5348;9325;50;50;1979
5349;290;80;20;819
5351;10930;80;20;919
5352;725;90;10;111
5353;220;90;10;35
5354;180;90;10;81
5355;80;100;-99997;173
5356;200;80;20;67
5357;455;80;20;68
5358;355;100;-99997;282
5359;50;100;-99997;22
5361;8565;70;30;782
5363;1505;70;20;258
5364;1200;80;20;342
5366;1720;70;30;234
5367;755;70;30;91
5368;740;80;20;86
5371;3125;60;40;439
5373;2920;60;40;299
5374;7360;70;30;569
5375;1770;70;30;185
5381;675;80;20;176
5382;1570;80;20;191
5383;475;80;20;56
5384;13705;70;30;960
5386;5050;70;30;505
5388;6390;70;30;539
5391;3665;70;30;450
5392;890;80;20;326
5394;1260;70;30;115
5395;190;100;-99997;30
5396;895;80;20;118
5397;3110;70;30;319
5398;1425;80;20;98
5401;8225;40;60;2055
5402;7905;60;40;1885
5403;9010;70;30;1333
5404;3720;60;40;1815
5405;670;20;80;791
5406;7305;80;20;710
5408;3550;70;30;362
5409;2055;80;20;189
5411;6775;70;30;477
5421;13360;60;40;1236
5422;3625;80;20;994
5423;1845;70;30;216
5424;1080;70;30;101
5425;1710;80;20;160
5427;9285;70;30;635
5428;1745;80;20;137
5431;11490;50;50;1062
5432;7065;70;30;1177
5433;480;80;20;509
5434;1250;90;10;176
5435;490;90;10;111
5437;1740;80;20;182
5438;1195;80;20;128
5439;270;80;20;48
5441;2375;80;20;236
5443;2895;80;20;291
5445;715;90;10;49
5446;2825;70;30;253
5447;1715;80;20;175
5449;75;90;-99997;24
5451;6295;70;30;447
5453;2260;80;20;152
5454;1415;70;30;184
5455;1090;80;20;102
5461;4615;50;50;1793
5462;3470;50;50;1168
5463;8210;70;30;1206
5464;6250;80;20;799
5465;1870;90;10;182
5466;1495;80;20;180
5467;7445;80;20;1504
5469;7075;80;20;342
5471;115;90;10;121
5472;1220;90;10;126
5473;8450;70;30;558
5476;1780;80;20;176
5481;9860;70;30;1201
5482;13970;60;40;1091
5491;11040;80;20;741
5492;7320;70;30;626
5501;4200;60;40;2378
5502;5100;80;20;1624
5503;5910;60;40;1910
5504;6370;70;30;1276
5505;4100;50;50;1738
5506;2810;70;30;1748
5507;3355;80;20;559
5508;10620;70;30;1693
5509;3365;70;30;1778
5511;1425;90;10;129
5512;2175;80;20;223
5513;2100;80;20;169
5521;10590;70;30;886
5524;1495;80;20;193
5525;2035;70;30;254
5527;5655;80;20;546
5528;2285;80;20;207
5529;1130;90;10;132
5531;10590;70;30;981
5534;1065;90;10;122
5541;8775;80;20;794
5551;9435;70;30;1067
5552;6045;50;50;1654
5553;1870;50;50;1184
5554;9435;60;40;1930
5555;3190;70;30;1425
5556;1265;80;20;68
5561;2465;80;20;177
5563;2145;80;20;230
5571;11145;80;20;721
5575;3125;80;20;279
5581;7005;80;20;770
5582;5055;70;30;961
5583;5565;80;20;942
5591;10060;80;20;749
5595;4540;80;20;387
5611;13915;30;70;4183
5612;12175;10;80;4092
5613;6525;50;50;2760
5614;3850;50;50;3702
5615;7980;40;60;3547
5616;13130;30;70;3962
5617;2730;0;100;4376
5621;4520;30;70;3441
5622;8245;40;60;3520
5623;10800;40;60;3415
5624;5690;50;50;2273
5625;9930;30;60;3341
5626;4100;80;20;851
5627;12050;80;20;1558
5628;10370;40;60;2648
5629;9360;90;10;1540
5631;5660;60;40;1949
5632;13070;50;50;2312
5633;130;70;30;958
5641;7785;40;60;1669
5642;8290;40;60;2111
5643;8055;40;60;2843
5644;8905;60;40;2356
5645;3905;40;60;1870
5646;2370;60;40;1525
5647;50;90;-99997;690
5651;3850;30;70;2296
5652;6975;40;60;1784
5653;6740;50;50;2203
5654;10225;40;60;2494
5655;4185;50;40;1472
5657;245;80;20;468
5658;12505;70;30;1278
5661;1215;80;20;709
5662;3195;90;10;1142
5663;6015;80;20;1192
5664;4920;50;50;1871
5665;5360;30;70;1647
5666;3795;60;40;1902
5667;4550;80;20;1303
5671;5475;60;40;1440
5672;6985;80;20;1378
5673;6070;70;30;1211
5674;5290;80;20;305
5681;875;80;20;360
5682;4245;80;20;1340
5683;6455;60;40;1704
5684;11920;60;40;1557
5685;7115;90;10;1094
5688;12420;70;30;787
5689;585;70;30;801
5691;10960;70;30;773
5692;1995;70;30;505
5694;4820;80;20;687
5701;15555;20;80;3075
5702;11820;40;60;2052
5703;5605;30;70;1879
5704;8920;70;30;1261
5705;2085;30;70;1518
5706;14980;70;30;1455
5707;10590;60;40;1774
5708;10940;80;20;814
5709;12980;80;20;1247
5711;8590;70;30;1071
5712;8830;80;20;524
5715;2280;80;20;183
5721;13375;70;30;1173
5722;150;30;70;846
5724;1050;80;20;121
5725;2500;80;20;180
5731;11080;70;30;975
5735;5755;70;30;604
5737;4335;70;30;433
5738;2035;90;10;146
5741;10815;60;40;834
5751;12745;60;40;1332
5752;1875;90;10;329
5753;4280;70;30;673
5754;6185;70;30;1072
5756;1455;80;20;139
5757;3330;70;30;283
5758;1855;80;20;186
5759;880;70;30;79
5761;6055;80;20;483
5763;2220;80;20;197
5764;1145;70;30;111
5766;535;90;10;68
5768;6260;80;20;508
5801;10280;50;50;1488
5802;7395;50;50;1549
5803;7925;70;30;1403
5804;3285;80;20;900
5807;2440;70;30;386
5808;1220;70;30;109
5809;2240;80;20;371
5811;815;80;20;71
5812;500;80;20;116
5813;2315;80;20;159
5814;560;80;20;34
5815;1090;80;20;93
5816;235;70;30;13
5817;200;90;10;53
5821;2540;80;20;316
5823;885;80;20;107
5824;560;90;10;88
5825;4050;70;30;347
5826;500;90;10;73
5827;770;90;10;62
5831;12525;60;40;1174
5835;1930;90;10;188
5836;1840;80;20;321
5841;1890;80;20;125
5843;710;90;10;55
5844;720;80;20;68
5845;4105;70;30;466
5846;755;90;10;211
5851;2145;70;30;215
5853;2060;80;20;173
5854;5255;70;30;513
5855;2445;70;30;182
5856;1195;80;20;84
5861;1890;90;10;236
5862;410;70;30;61
5863;1160;70;30;158
5864;1875;90;10;217
5865;1285;80;20;175
5866;1285;90;10;141
5871;1080;80;20;163
5872;765;80;20;155
5911;4925;30;70;2954
5912;10095;50;50;2246
5913;9835;70;30;2431
5914;7675;40;60;2010
5915;5905;50;50;1304
5916;2505;90;10;603
5921;6725;50;50;2528
5922;5945;50;50;2033
5923;3050;40;60;1926
5924;3700;80;20;1849
5925;3820;60;40;1392
5926;2865;90;10;957
5927;880;90;10;446
5928;755;90;10;613
5931;9670;60;40;1404
5932;5440;60;40;972
5935;3650;60;40;968
5941;5415;80;20;496
5943;1040;80;20;131
5944;2760;80;20;220
5951;5475;70;30;560
5953;10975;60;40;859
5954;2435;80;20;255
5961;13210;70;30;1124
5962;2160;90;10;178
5963;2070;80;20;257
5964;1690;80;20;203
5966;2060;80;20;224
5971;4815;80;20;603
5973;2000;80;20;180
5975;6835;80;20;519
5976;1110;90;10;126
5977;255;80;20;15
5981;7725;60;40;992
5984;1255;70;30;125
5985;1650;80;20;121
5986;2140;80;20;201
5987;1435;90;10;331
5988;6290;70;30;823
5991;6465;70;30;580
5993;6855;80;20;481
5995;4200;70;30;312
6001;7920;40;60;2270
6002;6570;80;20;836
6003;5535;90;10;854
6004;9410;70;30;1498
6005;4450;70;30;746
6006;11245;60;40;1478
6011;1485;90;10;156
6012;470;90;10;41
6013;960;80;20;119
6014;1670;80;20;257
6015;1260;80;20;202
6017;2475;70;30;386
6019;2045;80;20;323
6021;9435;70;30;822
6023;2100;70;30;373
6024;1420;90;10;180
6026;5140;80;20;553
6027;1850;80;20;216
6028;725;80;20;111
6029;1860;80;20;108
6031;10510;70;30;892
6034;1555;80;20;161
6035;4145;80;20;254
6037;1180;80;20;94
6039;5210;70;30;540
6041;12095;40;60;1998
6042;9360;60;40;1522
6043;11380;50;50;2171
6044;3455;30;70;2050
6045;6060;50;50;1339
6049;8075;80;20;880
6051;7040;70;30;662
6061;3945;70;30;305
6063;2350;70;30;253
6065;3100;80;20;345
6067;3645;80;20;468
6071;8760;70;30;677
6074;3620;80;20;490
6075;4180;70;30;486
6077;3360;70;30;404
6081;4330;80;20;573
6082;935;80;20;200
6083;660;80;20;289
6085;3695;80;20;424
6086;3365;80;20;315
6088;4285;80;20;387
6089;730;80;20;86
6091;790;80;20;99
6092;325;80;20;126
6093;6570;70;30;673
6095;2650;80;20;271
6096;1675;80;20;206
6097;4520;80;20;393
6099;1825;80;20;271
6101;9585;60;40;1131
6102;5090;70;30;625
6104;1645;80;20;152
6105;1315;90;10;91
6107;1615;80;20;234
6109;840;80;20;90
6111;580;80;20;245
6112;875;90;10;206
6114;7955;70;30;698
6116;1450;70;30;170
6118;3230;80;20;421
6121;5945;70;30;764
6122;1975;80;20;773
6123;1160;90;10;389
6124;750;90;10;351
6125;1710;70;30;340
6127;2300;80;20;445
6129;5680;70;30;499
6131;5000;30;70;2408
6132;5285;70;30;1237
6133;3710;70;30;1313
6134;2400;40;60;1059
6135;5765;50;50;1444
6136;6885;50;50;2035
6137;8075;50;50;1813
6141;2570;90;10;632
6142;1285;80;20;308
6143;1200;80;20;238
6151;4525;80;20;800
6153;95;70;30;106
6155;2045;80;20;286
6161;4275;40;60;2062
6162;4485;50;50;2075
6163;7615;60;40;1253
6164;4890;50;50;1600
6165;4620;60;40;2186
6166;5170;60;30;1839
6167;20;-99997;-99997;381
6171;10785;70;30;1083
6174;740;90;10;297
6176;3400;80;20;432
6181;8340;80;20;925
6191;12415;70;30;1023
6211;12860;20;80;4179
6212;4485;70;30;1931
6213;4430;60;40;1897
6214;4730;20;80;3381
6215;8225;60;40;1964
6216;7350;50;50;2577
6217;9145;20;70;2744
6218;7175;40;60;1731
6219;1640;40;60;1102
6221;10175;30;70;3935
6222;5075;20;80;1209
6223;2645;70;30;284
6224;8435;20;70;3426
6225;6650;70;30;1123
6226;7285;60;40;2387
6227;7530;50;50;2057
6228;6555;60;40;1561
6229;6725;40;60;1528
6231;7450;60;40;805
6235;2795;80;20;338
6237;325;90;10;205
6241;5495;80;20;687
6243;2510;80;20;225
6245;9645;80;20;786
6247;2885;80;20;352
6251;420;80;20;107
6252;145;90;10;139
6255;1105;70;30;115
6261;865;80;20;135
6262;1020;70;30;148
6265;1415;80;20;153
6267;3560;70;30;412
6268;575;70;30;87
6269;3910;80;20;436
6271;3895;50;50;513
6273;220;90;10;58
6274;550;80;20;76
6276;160;80;20;27
6277;400;80;20;66
6278;70;90;-99997;31
6281;1765;70;30;198
6285;1030;70;30;110
6286;1920;70;30;124
6287;1675;80;20;187
6289;75;80;20;23
6291;7830;40;60;1281
6294;1415;60;30;171
6295;890;60;40;121
6301;10360;50;50;834
6305;1390;70;30;273
6307;320;80;20;55
6311;790;90;10;242
6312;165;60;40;191
6321;2410;70;30;289
6325;4265;70;30;375
6333;3205;90;10;283
6336;3915;80;20;421
6341;55;100;-99997;171
6342;95;90;-99997;232
6343;3245;80;20;297
6351;5050;70;30;684
6353;45;90;-99997;43
6361;6450;60;40;720
6363;1620;80;20;436
6365;2710;70;30;317
6367;8225;70;30;672
6369;5330;60;40;689
6371;6255;50;50;1558
6372;10105;70;30;1566
6373;8735;60;40;1507
6374;11925;70;30;1249
6411;7830;30;70;2564
6412;8860;50;50;1907
6413;11155;50;50;1729
6414;7650;50;50;1478
6415;6375;40;60;1820
6416;5960;50;50;1795
6417;6675;50;50;1918
6418;9275;40;60;1750
6419;4150;70;30;1081
6421;10;-99997;-99997;1525
6422;70;80;20;145
6431;9845;40;60;2200
6432;3960;50;50;1580
6433;5030;60;40;1236
6436;2635;70;30;826
6438;3715;80;20;548
6439;1075;80;20;181
6441;7440;50;50;1839
6442;2405;60;30;1276
6443;3835;50;50;1694
6444;6270;70;30;1918
6445;2790;90;10;1230
6446;4935;60;40;1472
6447;1615;80;20;281
6451;4645;70;30;640
6454;705;80;20;151
6456;850;80;20;153
6461;8095;40;50;2496
6462;6920;50;50;2007
6463;4865;30;70;2034
6464;4220;70;30;1185
6465;2025;70;30;930
6466;7675;50;50;1561
6467;4875;70;30;1787
6468;280;80;20;840
6469;585;70;30;713
6471;5775;60;40;1051
6511;10515;20;80;3768
6512;5480;30;70;4338
6515;9940;70;30;987
6521;6465;50;50;3620
6522;4865;60;40;2460
6523;8015;40;60;2147
6524;7435;50;50;3853
6525;9495;40;60;1510
6531;10395;50;50;3166
6532;5975;40;60;2303
6533;11145;40;60;2249
6534;3145;40;60;2146
6535;7260;20;80;2038
6536;3565;60;40;1531
6537;9340;40;60;1920
6538;9340;40;60;2210
6541;9665;30;70;2781
6542;7345;40;60;3499
6543;7330;40;60;2420
6544;5540;30;70;2144
6545;5335;60;40;1935
6546;9140;60;40;1300
6551;2515;80;20;394
6561;6225;50;50;797
6562;10525;60;40;859
6564;830;90;10;536
6566;5865;60;40;640
6571;1940;60;40;424
6572;485;70;20;449
6573;3630;60;40;571
6574;480;50;50;693
6575;105;90;-99997;74
6576;2525;60;40;284
6577;145;90;10;76
6578;1735;60;40;243
6579;470;70;30;74
6581;11730;70;30;1043
6582;1890;70;30;296
6584;3735;80;20;572
6585;3070;70;30;413
6586;325;80;20;90
6587;860;80;20;127
6591;9210;60;40;975
6595;2260;70;30;518
6596;2875;80;20;280
6598;2090;80;20;269
6599;805;80;20;79
6601;10575;50;50;1705
6602;6260;70;30;1874
6603;5095;70;30;540
6604;4035;90;10;663
6605;10740;70;30;1320
6606;405;90;10;94
6611;2710;80;20;258
6612;840;80;20;108
6613;735;90;10;112
6615;140;60;40;175
6616;955;80;20;121
6617;1750;80;20;175
6621;3565;70;30;314
6624;1370;70;30;177
6626;1670;80;20;143
6627;1350;80;20;141
6628;555;90;10;59
6629;815;80;20;88
6631;1635;80;20;146
6634;650;80;20;87
6641;12775;60;40;1420
6642;4585;90;10;1001
6644;4160;70;30;468
6645;2200;70;30;231
6651;10375;60;40;1060
6652;2360;90;10;967
6653;1800;60;40;260
6654;1700;70;30;238
6655;1300;80;20;684
6657;2240;70;30;272
6658;6995;70;30;778
6659;2480;70;30;249
6661;12475;60;40;1293
6662;10025;80;20;1090
6663;12360;60;40;1094
6665;4350;70;30;485
6666;4995;70;30;543
6668;1465;70;30;128
6669;4465;60;40;392
6671;5065;70;30;648
6672;175;20;80;250
6673;1700;70;30;434
6674;3065;70;30;427
6675;1855;80;20;237
6676;70;80;20;15
6677;475;80;20;54
6678;2545;70;30;566
6681;12200;70;30;948
6684;135;90;10;194
6685;2060;70;30;366
6686;2750;80;20;295
6687;2890;80;20;301
6691;7275;70;30;695
6701;3720;40;60;2370
6702;2535;30;70;1760
6703;2830;70;30;1477
6704;810;60;40;553
6705;1445;100;0;264
6706;5430;40;60;2041
6707;5100;20;80;3140
6708;13425;50;50;2094
6709;4645;30;70;1935
6711;11915;60;40;1939
6712;5245;60;40;2584
6713;10150;60;40;2649
6714;7385;50;50;2712
6715;6770;60;40;2084
6716;8005;80;20;1278
6717;19100;60;40;2006
6718;9440;70;30;949
6721;15265;70;30;1219
6731;2175;70;30;248
6732;3660;70;20;215
6733;2810;70;30;180
6741;13790;80;20;591
6744;3725;80;20;247
6745;465;80;20;254
6811;6645;20;80;3566
6812;2815;60;40;1167
6813;4400;70;30;1323
6814;6315;70;30;2291
6815;3340;50;50;661
6816;2315;70;30;187
6821;5925;50;50;3903
6822;7195;30;70;3742
6823;6920;20;70;1680
6824;10715;50;50;2907
6825;5740;40;60;2260
6826;10405;20;80;2389
6827;405;20;90;1610
6828;12420;20;80;3892
6831;3525;20;80;1895
6832;5585;20;80;2329
6833;6600;40;60;2088
6834;3240;20;80;1421
6835;5320;40;60;1760
6836;11725;60;40;1478
6841;4590;40;60;1744
6842;2925;60;40;1370
6843;10620;50;50;1790
6844;4065;60;40;2159
6845;6050;60;40;1662
6846;14085;60;40;1378
6851;9365;70;30;1154
6852;10280;80;20;1502
6861;5640;70;30;938
6862;5750;70;30;1030
6865;4900;50;50;790
6866;3535;60;40;963
6869;710;70;30;363
6871;9070;60;40;1090
6874;1745;60;40;176
6877;40;-99997;-99997;2
6881;7500;70;30;1789
6882;6480;30;70;2545
6883;4205;50;50;1635
6891;1750;90;10;953
6901;6560;50;50;1840
6902;1130;90;10;913
6903;6785;60;40;1531
6904;7175;50;50;1753
6905;4690;80;20;508
6909;1945;60;40;218
6911;2440;70;30;298
6913;840;80;20;88
6914;1070;70;30;135
6915;3095;50;50;565
6916;2770;70;30;490
6917;640;60;40;101
6921;14230;70;30;1277
6922;7530;60;40;1256
6923;2000;80;20;300
6924;1195;80;20;170
6931;7615;60;40;1094
6932;7330;60;40;1231
6941;4730;70;30;874
6942;12460;60;40;1015
6951;7210;50;50;1389
6952;4310;50;50;1378
6953;2095;70;30;835
6955;1070;80;20;152
6956;940;60;40;623
6957;965;80;20;142
6961;9930;60;40;937
6964;830;80;20;52
6971;8425;60;40;761
6974;700;90;10;107
6975;340;80;20;22
6981;4530;50;50;973
6982;2175;40;60;863
6983;4130;70;30;742
6984;200;70;30;232
6986;1390;80;20;418
6987;2710;70;30;353
6988;1395;90;10;264
6991;7580;60;40;1048
6994;1080;60;40;157
6996;1625;70;30;122
6997;465;80;20;78
6998;570;80;20;102
6999;1615;60;40;150
7001;4635;40;60;1909
7002;6545;30;70;1516
7003;2930;60;40;1430
7004;4710;70;30;478
7005;800;50;50;1162
7006;9825;70;30;1238
7007;8530;70;30;1083
7008;865;80;20;732
7009;7060;50;50;1362
7011;5600;60;30;762
7021;8740;70;30;558
7025;2260;80;20;66
7031;7040;80;20;497
7035;1525;80;20;152
7036;450;90;10;57
7037;2345;80;20;203
7038;2690;70;30;371
7039;1165;90;10;175
7041;8430;60;40;997
7044;455;90;10;537
7045;790;80;20;69
7046;85;80;20;11
7047;1070;70;30;171
7048;165;80;20;82
7051;5815;60;40;632
7054;1215;80;20;77
7055;1040;90;10;42
7061;4570;60;40;798
7064;5495;60;40;548
7065;970;80;20;36
7071;10500;60;40;1027
7075;1815;80;20;294
7076;840;90;10;302
7077;495;80;20;57
7078;1045;80;20;88
7081;4360;60;40;614
7083;285;80;20;35
7084;925;90;10;105
7091;7120;60;40;892
7095;1085;90;10;85
7101;12340;70;30;1608
7102;3695;70;30;1013
7103;7800;70;30;1438
7104;1490;80;20;57
7105;420;70;30;32
7106;350;70;30;15
7107;710;80;20;41
7108;885;80;20;23
7109;625;80;20;44
7113;310;80;20;86
7115;300;70;30;36
7119;255;90;10;21
7121;7965;70;30;964
7122;8005;80;20;660
7123;1425;80;20;735
7126;1500;80;20;237
7131;9805;70;30;952
7132;3095;90;10;715
7134;1125;80;20;89
7135;1370;90;10;112
7136;1995;80;20;135
7137;1390;90;10;105
7141;9420;70;30;914
7142;505;80;20;20
7151;7825;60;40;1008
7152;3370;80;20;625
7156;2845;80;20;142
7157;1325;80;20;43
7161;9280;60;40;766
7165;1025;90;10;79
7201;5630;40;60;2353
7202;1140;40;60;1165
7203;4930;60;40;1173
7204;9900;40;60;2434
7205;2450;70;30;717
7206;6535;60;40;1404
7207;9240;80;20;1048
7211;4440;70;30;381
7213;3985;70;30;441
7214;2095;80;20;195
7215;415;80;20;47
7216;290;80;20;25
7217;1790;80;20;108
7218;1250;80;20;89
7221;2240;70;30;262
7223;1065;80;20;72
7224;85;80;20;13
7225;250;80;20;73
7226;140;70;30;64
7227;890;80;20;49
7231;5330;60;40;1250
7232;3165;80;20;1430
7233;310;70;30;39
7234;650;80;20;77
7241;8125;70;30;923
7242;5585;60;40;1325
7244;1770;80;20;99
7245;4325;80;20;172
7251;7185;70;30;496
7255;6565;70;30;490
7256;1425;80;20;183
7261;7755;70;30;522
7263;900;80;20;65
7271;7765;60;40;790
7273;700;80;20;59
7274;1320;90;10;85
7275;640;80;20;46
7311;10620;40;60;3218
7312;10825;50;50;1798
7313;2310;90;10;844
7314;7030;70;30;2201
7315;4850;70;30;1674
7316;6280;60;40;1761
7317;335;70;30;1058
7321;6070;80;20;2369
7322;9655;60;40;2106
7323;12935;50;50;1685
7324;2125;70;30;712
7325;13415;70;30;1538
7326;9710;60;40;1697
7327;5650;70;30;1440
7328;7285;60;40;2003
7329;2750;30;70;2134
7331;11425;50;50;2874
7332;745;60;40;2068
7333;6465;50;50;1789
7334;2485;90;10;1761
7335;6435;60;40;2236
7336;370;60;40;1573
7339;6260;80;20;774
7341;1040;90;10;61
7345;2210;90;10;189
7346;235;70;30;35
7348;100;80;20;17
7351;1365;60;40;122
7352;45;80;30;86
7361;4870;70;30;316
7364;1275;80;20;119
7371;3340;70;30;262
7381;1775;80;20;128
7382;1570;70;30;128
7383;2710;60;40;200
7384;2995;80;20;114
7391;12105;60;40;984
7392;1205;70;30;466
7395;835;70;30;95
7396;2525;60;40;112
7397;755;90;10;29
7399;675;90;10;52
7411;8425;30;70;2755
7412;11520;50;50;2361
7413;7265;50;50;3564
7414;5315;40;60;1744
7415;11470;30;70;2364
7416;3475;40;60;2391
7417;4960;30;70;1717
7418;580;80;20;826
7419;2290;80;20;1166
7421;5215;70;30;1075
7422;2410;60;40;1500
7423;5980;80;20;1598
7424;4775;80;20;1353
7425;7880;80;20;1265
7426;25;-99997;-99997;106
7427;85;60;40;377
7428;155;70;30;36
7429;1075;40;60;1446
7431;4875;70;30;581
7433;6110;70;30;670
7434;1465;80;20;70
7435;425;80;20;43
7437;5665;80;20;418
7439;295;100;-99997;827
7441;5140;80;20;1093
7442;10440;60;40;1190
7443;9190;80;20;847
7447;6405;80;20;382
7448;2080;70;20;116
7451;9410;70;30;460
7461;9720;60;40;1317
7462;13790;70;30;1513
7463;5310;90;10;987
7466;330;90;10;56
7467;430;90;10;48
7468;7290;70;20;528
7471;12075;60;40;967
7472;35;80;-99997;218
7475;7240;70;30;312
7478;2630;70;30;229
7481;10880;60;40;1058
7482;10440;80;20;1016
7483;2920;90;10;1090
7491;7380;70;30;759
7495;1905;70;30;54
7496;2150;70;30;202
7497;1615;70;30;97
7511;9825;20;80;4172
7512;7080;40;60;3683
7513;5230;40;60;3135
7514;6305;50;50;3502
7521;9210;40;60;1604
7522;7500;40;60;1438
7523;12220;40;60;2461
7524;3595;80;20;371
7525;375;80;20;124
7531;8370;60;40;2289
7532;5355;60;40;950
7533;4825;50;50;2557
7534;12500;70;30;1182
7535;3720;80;20;1980
7536;60;80;20;71
7541;3370;40;60;2348
7542;10400;70;30;1382
7543;6935;40;60;2545
7544;16010;30;70;2067
7545;14635;40;60;2529
7546;8685;70;30;1145
7547;590;60;40;637
7548;3845;80;20;291
7551;4260;40;60;2955
7552;11240;50;50;1597
7553;9620;50;50;2102
7554;1545;80;20;159
7555;9185;60;40;1623
7556;11935;50;50;2259
7557;10780;50;50;2481
7558;12080;70;30;1352
7559;10830;80;20;913
7561;2000;80;20;252
7562;195;50;50;36
7571;2760;30;70;2273
7572;5055;50;50;2018
7573;3705;70;30;1719
7574;3520;50;50;859
7575;585;80;20;753
7576;5995;70;30;1251
7577;9915;80;20;1252
7581;8330;60;40;1059
7582;5265;70;30;1039
7585;510;90;10;121
7586;4110;60;40;462
7587;3900;80;20;229
7588;970;80;20;41
7591;10150;70;30;727
7595;3070;70;30;252
7596;2375;80;20;142
7597;1695;80;20;65
7601;7050;40;60;2208
7602;6025;70;30;1335
7603;6175;50;50;1297
7604;6460;40;60;1318
7605;2885;40;60;2531
7606;6770;40;60;1999
7607;9315;40;60;2194
7608;11080;60;40;1474
7609;13800;80;20;1055
7610;45;40;60;102
7611;1525;80;20;238
7614;270;70;30;269
7615;1625;80;20;161
7621;5765;80;20;1246
7622;7830;50;50;1611
7623;8480;80;20;1006
7625;1370;80;20;144
7626;560;90;10;148
7627;2025;80;20;128
7631;4460;80;20;596
7634;760;80;20;62
7635;1000;80;20;52
7636;595;80;20;79
7637;315;70;30;161
7638;170;70;30;14
7641;8205;70;30;914
7642;7340;70;30;885
7645;1050;70;30;59
7651;5710;60;40;582
7661;995;80;20;107
7662;210;70;30;13
7663;385;70;30;40
7664;625;80;20;35
7665;3600;80;20;236
7666;900;80;20;62
7667;1280;70;30;80
7668;150;70;30;24
7671;11260;60;40;677
7672;2550;80;20;809
7675;145;70;30;55
7676;4445;50;50;366
7678;4335;70;30;251
7679;1275;80;20;79
7681;8820;60;40;758
7683;5880;80;20;357
7685;1055;80;20;66
7686;565;90;10;159
7687;1225;80;20;180
7688;1465;80;20;76
7691;3530;80;20;251
7692;970;80;20;115
7693;1415;80;20;142
7694;1520;70;30;142
7695;1110;90;10;59
7696;320;80;20;50
7701;12005;70;30;823
7702;850;90;10;742
7705;350;100;0;39
7707;3990;80;20;222
7711;9395;70;30;470
7715;965;90;10;43
7721;7265;70;30;936
7722;7730;80;20;234
7731;12195;70;30;723
7732;795;80;20;447
7734;370;80;20;47
7735;375;90;10;79
7736;185;80;20;33
7737;525;80;20;74
7738;620;90;10;24
7739;425;80;20;35
7741;9115;50;50;890
7742;6565;70;30;893
7751;3845;80;20;311
7753;675;70;30;69
7754;365;90;10;34
7755;365;90;10;33
7756;245;100;-99997;63
7761;4440;70;30;410
7764;465;70;30;126
7765;1660;80;20;122
7766;1305;80;20;91
7771;4750;60;40;879
7772;11145;60;40;966
7773;4030;80;20;778
7775;2025;80;20;119
7776;3165;70;30;348
7777;985;90;10;78
7778;185;90;10;53
7779;115;80;20;12
7781;265;90;10;45
7782;1955;70;30;169
7783;3160;70;30;401
7784;555;90;10;38
7785;45;90;-99997;25
7786;190;80;20;64
7787;180;90;10;31
7788;160;80;20;17
7791;595;90;10;23
7792;110;80;20;21
7793;450;70;30;106
7794;290;80;20;36
7795;140;80;20;17
7796;660;80;20;75
7797;615;90;10;33
7798;375;90;10;105
7811;4630;40;60;1476
7812;9840;60;40;1241
7813;1470;90;10;346
7814;1835;90;10;258
7815;6070;40;60;1325
7821;15;-99997;-99997;660
7822;2990;60;40;1098
7823;8185;50;50;1499
7824;7660;50;50;1329
7825;425;80;20;261
7826;3030;80;20;368
7827;9215;80;20;816
7828;2040;90;10;349
7831;3410;70;30;183
7833;4715;70;30;607
7841;2235;70;30;297
7842;65;100;-99997;96
7843;875;90;10;110
7844;2120;60;40;626
7845;275;90;10;20
7846;610;100;0;50
7847;235;80;20;28
7848;2150;60;40;271
7849;400;90;10;85
7851;370;90;10;157
7852;200;90;10;24
7853;175;80;20;42
7854;1885;70;30;254
7855;400;90;10;72
7856;180;100;-99997;20
7858;125;90;10;24
7859;35;90;-99997;18
7861;1865;80;20;232
7863;615;80;20;84
7864;405;90;10;28
7871;755;80;20;127
7872;1235;80;20;125
7873;1900;70;30;242
7874;410;90;10;29
7875;1680;80;20;180
7876;3385;70;30;110
7877;105;90;-99997;48
7881;7765;70;30;378
7884;1745;70;30;162
7885;2070;80;20;183
7887;4735;70;30;355
7889;185;80;20;17
7891;11835;60;40;853
7892;125;80;20;461
7894;3030;70;30;317
7895;825;80;20;53
7901;3205;40;60;1855
7902;4675;40;50;2018
7903;395;70;30;478
7904;4970;50;50;1039
7905;4345;50;50;1424
7906;6200;50;50;2104
7907;2045;40;60;1877
7908;11460;80;20;1129
7909;2770;50;50;1131
7910;115;90;-99997;15
7911;305;80;20;69
7912;655;80;20;74
7913;5270;70;30;392
7914;1925;80;20;363
7915;70;80;20;58
7916;2365;70;30;216
7917;1365;80;20;80
7918;1410;80;20;131
7921;6945;70;30;546
7924;1055;80;10;46
7925;580;90;10;19
7926;955;90;10;80
7927;735;90;10;84
7928;10;-99997;-99997;8
7929;40;100;-99997;20
7931;785;90;10;70
7932;375;80;30;49
7933;1625;70;30;126
7934;585;90;10;51
7935;85;80;20;93
7936;790;80;20;63
7937;60;90;-99997;15
7938;965;80;20;114
7941;6185;50;50;2052
7942;5725;40;60;1259
7943;8050;70;30;937
7944;10490;60;40;1315
7946;1725;70;30;101
7948;4000;80;20;321
7949;125;90;10;36
7951;10715;80;20;489
7954;4130;80;20;167
7955;1365;80;20;156
7957;2970;70;30;378
7958;2490;80;20;122
7961;3980;80;20;253
7963;3675;70;30;297
7964;360;70;30;40
7965;115;80;20;33
7966;70;50;50;38
7971;3710;70;30;394
7973;720;60;40;74
7974;200;90;-99997;52
7975;1445;80;20;139
7981;2635;70;30;247
7983;655;90;10;46
7984;180;100;-99997;70
7985;55;90;-99997;36
7986;270;90;10;17
7991;4135;80;20;235
8011;8700;30;70;3319
8012;7110;50;50;2949
8013;2575;40;60;1293
8014;12455;60;40;1935
8015;3050;70;30;766
8016;7675;70;30;1623
8017;6980;70;30;1779
8019;2550;80;20;844
8021;5775;30;70;3629
8022;5070;20;80;2797
8023;5715;50;50;2809
8024;4090;70;30;669
8025;905;40;60;1239
8026;960;80;20;66
8028;255;80;20;29
8031;9845;40;60;2468
8032;9840;40;60;2145
8033;3360;70;30;1372
8034;730;90;10;414
8035;290;90;10;21
8041;370;70;30;823
8042;5350;70;30;1028
8043;23150;70;30;1652
8044;3845;60;40;889
8045;25;90;-99997;5
8051;10225;60;30;854
8052;2085;70;30;823
8055;690;80;20;46
8061;7515;70;30;706
8064;4920;60;40;599
8066;585;80;20;73
8071;12800;60;40;1050
8072;7855;60;40;1011
8075;4830;70;30;311
8076;700;70;30;60
8077;2035;80;20;138
8079;255;90;10;27
8081;11710;60;40;873
8082;800;70;30;628
8084;7025;70;30;684
8085;4200;80;20;153
8091;12320;70;30;990
8094;1500;80;20;327
8095;1270;80;20;198
8096;6370;70;30;397
8097;2215;80;20;115
8101;6265;60;40;1060
8102;7310;60;40;1042
8103;6460;80;20;770
8105;2240;80;20;140
8106;1505;80;20;108
8107;1175;80;20;87
8111;3700;70;30;261
8112;1155;80;20;125
8121;8265;70;30;496
8124;1255;80;20;87
8131;8275;70;30;540
8141;7190;80;20;531
8144;445;80;20;51
8146;345;80;20;20
8147;220;90;10;57
8148;1350;80;20;72
8151;1850;80;20;379
8152;2665;70;30;414
8153;155;80;20;58
8154;100;80;20;42
8161;6480;70;30;866
8162;9200;60;40;851
8166;3240;80;20;127
8167;1620;80;20;112
8171;7885;70;30;728
8172;4830;40;60;882
8181;11890;70;30;736
8191;6250;70;30;474
8193;180;90;10;31
8194;660;80;20;82
8196;625;90;10;86
8198;70;90;-99997;12
8211;305;80;20;127
8212;4565;90;10;964
8218;225;70;30;18
8219;3270;100;0;291
8221;-99997;-99997;-99997;48
8222;190;100;-99997;338
8223;4980;40;60;1263
8224;7380;50;50;2034
8225;8055;60;40;2020
8226;9545;60;40;1527
8231;5375;50;50;1739
8232;7610;40;60;2116
8233;710;-99997;100;1915
8239;655;10;90;701
8241;1575;100;0;220
8242;6135;70;30;1151
8243;9535;60;40;1334
8244;4195;80;20;536
8245;6915;90;10;876
8251;12700;50;50;1043
8252;5785;90;10;872
8253;10350;80;20;732
8254;840;30;70;1148
8255;6450;70;30;599
8256;6740;60;40;440
8261;5365;50;50;2239
8262;6415;50;50;1962
8263;710;90;10;706
8264;2050;70;30;1554
8265;15175;60;40;1757
8266;7510;80;20;1308
8267;670;80;20;539
8271;12475;80;20;1005
8274;870;80;20;104
8275;665;90;10;82
8276;785;90;10;63
8277;1020;90;10;163
8278;925;90;10;28
8281;10375;80;20;832
8291;10;-99997;-99997;4
8293;155;90;10;7
8294;190;80;20;8
8301;2045;40;60;1521
8302;10910;70;30;1020
8303;9720;60;40;1402
8304;3445;60;40;889
8305;345;90;10;135
8307;3160;70;30;258
8308;1960;70;30;119
8309;2500;80;20;171
8311;1575;80;20;98
8312;1735;70;30;120
8313;1660;70;30;102
8314;1515;80;20;98
8315;2200;50;50;93
8316;3800;70;30;349
8317;1475;80;20;89
8319;5;-99997;-99997;7
8321;13500;80;20;1110
8322;7935;80;20;1020
8325;4340;60;40;534
8326;2510;80;20;146
8331;10400;40;60;1277
8332;5895;80;20;930
8333;905;60;40;362
8334;2160;90;10;335
8335;205;100;-99997;120
8336;90;80;20;51
8337;245;90;10;44
8338;890;80;20;91
8339;175;100;-99997;139
8341;1900;60;40;254
8342;265;90;10;41
8343;605;80;20;599
8344;315;90;10;124
8345;325;80;20;104
8346;390;90;10;104
8347;610;80;20;55
8351;790;90;10;43
8355;2880;70;30;152
8356;1410;70;30;184
8361;85;90;-99997;37
8362;15;60;-99997;4
8363;175;80;20;20
8371;530;80;10;50
8372;40;90;-99997;15
8373;325;90;10;21
8374;920;80;20;114
8375;2585;90;10;338
8376;585;90;10;102
8377;215;80;20;40
8378;430;90;10;63
8381;1965;80;20;281
8382;300;60;40;68
8383;595;80;20;47
8384;950;60;40;136
8385;355;90;10;41
8386;120;70;30;40
8387;225;60;-99997;9
8388;550;90;10;96
8389;335;80;30;38
8391;3635;60;40;374
8392;890;80;20;64
8393;200;100;-99997;21
8394;390;90;10;34
8395;1050;80;20;62
8396;95;100;-99997;105
8397;800;70;30;114
8398;480;90;10;41
8401;7325;60;40;814
8403;285;100;-99997;33
8404;1050;80;20;83
8405;435;90;10;40
8406;1555;80;20;120
8407;1010;80;20;100
8408;1325;80;20;136
8409;770;80;20;66
8411;3275;70;30;192
8412;815;90;10;37
8413;820;90;10;62
8414;1465;60;40;202
8415;420;90;10;43
8421;1550;80;20;156
8422;265;90;10;16
8423;1045;80;20;77
8424;690;80;20;49
8425;320;90;10;34
8426;4850;60;40;410
8427;410;80;20;52
8428;355;100;0;25
8431;9685;60;40;809
8432;590;90;10;39
8433;3170;70;30;358
8434;835;80;20;77
8435;1925;80;20;144
8437;270;90;10;69
8438;140;90;10;53
8439;60;80;-99997;24
8441;4520;50;50;1648
8442;5740;30;70;2178
8443;2800;40;60;1048
8444;265;20;80;684
8445;1470;100;0;702
8446;7160;60;40;1832
8447;3225;60;40;1338
8448;5725;80;20;689
8449;265;80;20;42
8451;1405;50;50;454
8452;125;70;30;210
8453;1015;90;10;714
8454;685;90;10;93
8455;605;90;10;46
8456;1335;90;10;137
8457;305;90;10;26
8458;840;90;10;91
8459;415;90;10;64
8461;760;90;10;130
8462;175;100;-99997;11
8463;595;80;20;120
8464;1240;80;20;157
8465;1910;80;20;226
8466;50;100;-99997;600
8467;385;90;10;29
8468;390;90;10;59
8469;165;80;20;74
8471;11270;50;50;1210
8472;1980;80;20;695
8474;1070;90;10;109
8475;500;90;10;41
8476;320;90;10;30
8477;150;90;10;18
8478;245;100;-99997;209
8479;210;90;10;17
8481;140;90;10;15
8482;200;90;10;18
8483;440;80;20;56
8484;255;90;10;25
8485;465;90;10;36
8486;235;80;20;12
8487;135;90;-99997;13
8488;190;100;-99997;45
8489;35;100;-99997;12
8491;3310;60;40;518
8493;740;80;20;299
8494;1035;100;0;325
8495;1520;80;20;176
8497;55;80;-99997;6
8501;9735;50;50;1157
8502;3290;90;10;709
8503;65;80;20;257
8505;60;100;-99997;53
8506;545;80;20;93
8507;215;100;-99997;86
8508;470;80;20;142
8511;240;90;10;87
8512;210;90;10;72
8513;345;80;20;52
8514;80;100;-99997;46
8515;80;90;-99997;19
8516;85;90;-99997;19
8517;790;80;20;122
8521;3280;70;30;372
8522;355;80;20;23
8523;500;80;20;86
8524;20;50;50;12
8525;1055;70;30;206
8526;105;80;20;101
8527;30;90;-99997;25
8528;50;90;-99997;84
8529;90;80;20;21
8531;8340;60;40;792
8532;2050;100;0;856
8534;45;90;-99997;38
8535;165;90;10;13
8536;905;80;20;76
8537;250;90;10;60
8538;650;80;20;28
8539;1005;80;20;182
8541;110;90;-99997;41
8542;240;80;20;94
8551;1415;80;20;262
8552;25;-99997;-99997;9
8553;110;80;20;187
8554;65;80;-99997;121
8556;705;80;20;134
8561;4075;60;40;538
8563;640;80;10;83
8564;115;100;-99997;88
8565;410;90;10;46
8566;560;90;10;58
8567;1360;80;20;148
8571;490;90;10;100
8572;175;90;10;28
8573;105;90;-99997;63
8574;1055;80;20;191
8581;360;90;10;53
8582;270;90;10;32
8583;45;100;-99997;11
8584;590;80;20;113
8601;3295;50;50;1836
8602;4810;40;60;1534
8603;4880;80;20;1892
8604;5370;70;30;1144
8605;2115;30;70;2094
8606;2745;50;50;1898
8607;5890;70;30;1393
8608;4880;40;60;1372
8611;275;80;20;72
8612;20;-99997;-99997;6
8613;30;50;50;5
8614;740;80;20;97
8615;610;60;40;97
8616;85;90;10;35
8617;240;100;0;21
8618;445;80;20;103
8621;2315;70;30;343
8622;645;80;20;66
8623;320;80;20;46
8624;400;80;20;97
8625;1080;70;30;191
8626;135;60;40;76
8627;340;80;20;66
8628;250;90;10;74
8629;1610;80;20;217
8631;50;80;-99997;401
8632;200;90;-99997;26
8633;650;80;20;228
8635;415;80;20;48
8636;100;90;-99997;14
8637;270;80;20;40
8641;100;100;-99997;24
8642;60;70;30;13
8644;110;90;10;30
8647;350;80;20;64
8651;2960;70;30;408
8658;75;90;-99997;30
8701;8075;50;50;1141
8702;2020;90;10;768
8711;4445;60;40;514
8713;840;70;30;148
8715;965;60;30;176
8721;775;80;20;81
8722;350;80;20;36
8723;2650;60;40;365
8724;325;80;20;22
8731;2380;60;40;312
8732;225;90;10;30
8733;45;80;-99997;11
8734;895;80;20;128
8735;235;80;20;37
8736;195;90;10;22
8737;125;90;-99997;15
8741;105;90;-99997;17
8742;315;90;10;33
8743;85;90;-99997;46
8744;245;100;0;35
8745;50;90;-99997;25
8746;150;100;-99997;24
8747;280;90;10;35
8748;1785;70;30;251
8749;590;90;10;69
8751;165;80;20;30
8752;25;100;-99997;14
8753;85;90;10;10
8754;3465;60;40;414
8755;110;100;-99997;59
8756;50;100;-99997;8
8757;205;90;10;26
8758;95;90;-99997;12
8759;450;80;20;55
8761;220;80;20;19
8762;80;100;-99997;12
8763;490;90;10;47
8764;95;80;20;27
8765;440;90;10;45
8771;995;80;20;107
8772;20;100;-99997;11
8773;340;90;10;67
8774;145;90;-99997;17
8775;45;90;-99997;9
8801;6850;60;40;1107
8802;5960;70;30;846
8804;1100;70;30;139
8805;220;70;30;35
8806;585;70;30;80
8807;255;80;20;45
8808;365;70;30;68
8809;45;90;-99997;12
8811;435;70;30;66
8812;260;80;20;37
8813;145;80;20;47
8814;125;90;10;18
8816;100;100;-99997;21
8821;530;80;20;77
8822;1020;80;20;122
8823;325;80;20;39
8831;1050;70;30;158
8832;105;90;10;15
8833;25;-99997;-99997;6
8834;195;90;10;26
8835;425;80;20;60
8841;105;100;-99997;48
8842;455;90;10;55
8843;245;80;20;39
8844;55;100;-99997;11
8845;80;90;-99997;13
8851;1355;70;30;228
8852;65;80;20;17
8853;40;90;-99997;48
8854;560;70;30;74
8855;1685;60;40;229
8856;145;80;20;124
8857;485;70;30;56
8861;6500;60;40;1181
8862;8325;50;50;1045
8871;15;-99997;-99997;46
8872;585;70;30;294
8881;2580;60;40;346
8882;25;-99997;80;31
8883;10;-99997;-99997;56
8884;130;80;20;155
8885;30;90;-99997;74
8891;1035;60;40;247
8892;20;-99997;-99997;182
8893;100;70;30;216
8894;245;90;10;137
8895;150;80;10;119
8896;485;80;20;129
8897;150;70;30;51
8899;1195;40;60;213
8911;6235;10;90;4436
8912;120;50;50;743
8913;4105;70;30;3008
8914;485;90;10;1609
8915;5210;50;50;1695
8916;3215;60;40;3118
8917;3245;50;50;3928
8918;6000;20;80;2466
8919;805;70;30;1035
8921;9055;40;60;4089
8922;3300;30;70;4110
8923;3510;20;80;2385
8924;3645;20;80;2443
8925;5275;70;30;1368
8926;5205;70;30;1254
8927;1030;100;0;766
8931;3715;30;70;1907
8932;7005;50;50;2989
8933;4030;50;50;3596
8934;2125;60;40;2738
8935;6740;50;50;1683
8936;720;30;70;1809
8937;910;-99997;100;2120
8938;115;70;30;679
8939;5580;90;10;748
8941;3285;80;20;363
9001;5690;60;40;741
9003;905;70;30;114
9004;30;80;-99997;6
9005;1870;70;30;263
9006;35;-99997;-99997;8
9007;85;100;-99997;18
9008;1085;70;30;144
9009;90;90;-99997;31
9011;1385;70;30;183
9012;640;90;10;76
9013;165;90;10;31
9014;345;80;20;53
9021;320;80;20;48
9022;1135;90;10;149
9023;315;80;20;43
9024;545;60;40;86
9025;140;90;10;44
9026;145;90;10;36
9027;310;90;10;36
9031;405;80;20;61
9032;80;80;20;29
9033;1045;80;20;129
9034;1050;70;30;144
9035;3285;80;20;372
9036;2735;70;30;351
9037;90;100;-99997;13
9038;365;90;10;73
9041;2615;70;30;314
9043;190;80;20;38
9044;810;70;30;175
9045;915;80;20;181
9047;1740;70;30;221
9051;7800;70;30;697
9053;165;90;-99997;50
9054;415;70;30;63
9055;945;80;20;308
9056;425;70;30;125
9057;305;70;30;92
9061;2310;80;20;347
9062;1935;60;40;381
9063;725;80;20;206
9064;635;80;20;98
9067;180;90;10;65
9071;235;90;10;44
9072;320;80;20;65
9073;1420;70;30;176
9074;2680;70;30;304
9075;245;90;10;23
9076;4900;60;40;488
9077;690;70;30;78
9078;945;80;20;81
9079;1725;70;30;159
9081;420;80;20;387
9082;25;90;-99997;21
9083;200;80;20;1390
9084;3315;90;10;873
9085;15;-99997;-99997;818
9086;280;90;10;453
9087;50;90;-99997;49
9088;1150;70;30;148
9089;580;80;20;76
9091;250;90;10;19
9101;9140;40;60;1017
9102;1075;80;20;759
9103;2610;80;20;741
9104;5595;70;30;572
9105;1115;80;20;113
9106;40;90;-99997;30
9107;55;70;30;9
9108;1195;80;20;171
9109;255;90;10;70
9111;505;70;30;160
9112;675;90;10;152
9113;940;80;20;131
9114;930;90;10;107
9121;130;90;-99997;121
9122;55;80;-99997;10
9123;880;70;30;139
9124;45;100;-99997;12
9125;180;90;10;79
9131;850;80;20;95
9132;585;80;20;63
9133;1155;70;30;134
9134;380;80;20;67
9135;240;90;10;61
9136;215;80;10;78
9137;930;80;20;111
9138;365;90;10;59
9141;300;80;20;62
9142;225;80;20;85
9143;370;80;20;60
9144;210;80;20;23
9145;1305;70;30;169
9146;65;90;-99997;9
9147;395;80;20;56
9148;70;80;-99997;12
9151;1545;70;30;217
9152;40;90;-99997;38
9153;240;90;10;42
9154;75;100;-99997;25
9155;210;90;10;28
9156;120;100;-99997;27
9161;1295;60;40;321
9162;455;70;30;123
9163;1260;70;30;287
9164;740;70;30;211
9166;945;60;40;321
9171;825;80;20;89
9172;1775;60;40;252
9173;90;90;10;27
9174;90;90;10;19
9175;125;90;10;21
9176;70;90;-99997;10
9177;60;80;-99997;12
9178;230;90;10;21
9201;8110;40;60;2008
9202;8145;50;50;1634
9203;9510;50;50;2008
9204;8285;70;30;1082
9205;4640;70;30;828
9206;60;70;30;612
9207;6320;80;20;1006
9211;215;90;10;332
9212;1840;70;30;286
9213;645;100;0;177
9214;50;100;-99997;44
9215;250;90;10;20
9216;1685;70;30;148
9217;455;80;20;47
9218;1740;80;20;191
9219;350;90;10;41
9221;1405;70;30;172
9222;1220;80;20;94
9223;915;70;30;163
9231;6080;50;50;679
9233;1215;70;30;145
9241;2055;80;20;125
9243;1885;80;20;184
9244;3660;60;40;481
9245;1635;80;20;105
9246;70;80;20;29
9247;4900;70;30;463
9248;840;90;10;62
9249;995;90;10;103
9251;9890;60;40;871
9254;5020;70;30;584
9255;1610;90;10;217
9256;780;80;20;156
9257;2300;80;20;200
9258;940;80;20;97
9261;1575;80;20;110
9262;1360;80;20;163
9263;1900;80;20;192
9264;415;70;30;163
9265;640;80;20;54
9269;3605;60;40;421
9271;5105;50;50;618
9281;4325;70;30;464
9283;1270;80;20;111
9284;1195;80;20;126
9285;5795;60;40;581
9286;1065;70;30;113
9287;1800;60;40;285
9288;2440;60;40;275
9289;1685;70;30;212
9291;5740;60;40;654
9292;75;70;30;15
9293;450;90;10;37
9294;820;80;20;90
9295;615;80;20;66
9296;330;90;10;61
9297;105;70;30;64
9298;2980;70;30;273
9299;580;70;30;346
9301;11200;60;40;1134
9302;3360;80;20;925
9304;235;90;10;24
9305;320;80;20;69
9306;90;90;-99997;53
9307;210;70;30;45
9311;1525;70;30;655
9312;1035;80;20;563
9313;150;80;20;173
9314;225;90;10;53
9315;345;90;10;44
9321;5485;80;20;387
9331;3850;70;30;397
9333;230;90;10;34
9334;140;70;30;21
9335;170;80;20;12
9336;120;80;20;25
9337;160;80;20;71
9341;1295;90;20;115
9342;825;80;20;72
9343;230;90;10;51
9351;11580;60;40;943
9354;2780;80;20;162
9355;360;90;10;60
9356;4435;60;40;778
9359;25;-99997;-99997;23
9361;310;100;-99997;66
9362;315;90;10;61
9363;5940;70;30;523
9364;720;90;10;92
9365;650;90;10;49
9366;260;90;10;43
9367;1685;70;30;178
9401;6825;40;60;2392
9402;8265;50;50;2424
9403;14105;80;20;1198
9404;7400;40;60;1374
9405;6335;80;20;589
9406;9330;50;50;1859
9407;6460;70;30;1328
9408;9540;80;20;962
9409;270;100;-99997;157
9411;8520;60;40;791
9412;1205;90;10;458
9413;1755;90;10;451
9414;1490;80;20;135
9415;895;80;20;77
9416;135;70;30;99
9417;375;90;10;55
9418;1100;80;20;77
9419;425;80;20;28
9421;3295;70;30;372
9422;4935;70;30;412
9423;1370;70;30;145
9431;4720;70;30;383
9432;70;90;-99997;33
9433;460;80;20;42
9434;80;90;-99997;73
9435;50;90;-99997;5
9436;285;90;10;20
9437;100;100;-99997;19
9438;115;100;-99997;19
9439;565;80;20;68
9441;230;70;30;42
9442;370;90;10;46
9443;250;80;20;40
9444;785;80;20;80
9445;25;70;-99997;7
9446;110;90;-99997;17
9447;65;80;20;11
9448;85;90;-99997;110
9449;720;70;30;248
9451;3770;70;30;451
9452;75;100;-99997;11
9453;55;90;-99997;10
9454;315;90;10;37
9455;10;-99997;-99997;5
9456;25;-99997;-99997;7
9457;85;80;20;13
9458;160;90;-99997;46
9459;20;-99997;-99997;2
9461;5055;70;30;505
9462;1835;70;30;163
9463;1440;80;20;128
9464;140;90;10;19
9465;255;90;10;32
9466;395;90;10;54
9467;385;80;20;109
9468;3590;80;20;394
9469;610;90;10;208
9471;6425;70;30;506
9472;3665;80;20;459
9473;465;90;10;57
9474;325;90;10;31
9475;365;80;20;100
9479;550;90;10;70
9481;4045;70;30;423
9482;1795;80;20;161
9483;390;90;10;107
9484;65;80;20;13
9485;105;90;-99997;13
9486;40;90;-99997;54
9487;100;90;-99997;126
9488;100;90;-99997;11
9489;35;80;-99997;399
9491;740;90;10;84
9492;175;90;10;30
9493;235;90;10;76
9494;830;80;20;133
9495;95;100;-99997;23
9496;230;90;10;18
9497;470;90;10;44
9501;9540;50;50;1267
9502;5420;70;30;832
9503;3930;60;40;982
9511;990;80;20;77
9512;285;90;10;110
9514;1865;60;40;206
9515;685;80;20;121
9521;4870;70;30;423
9523;570;90;10;238
9524;415;100;0;48
9525;270;90;10;38
9526;85;100;-99997;16
9527;115;90;-99997;18
9528;790;90;10;91
9531;4930;70;30;494
9533;570;90;10;112
9534;135;90;10;13
9535;30;60;40;4
9536;330;80;20;141
9537;150;90;10;16
9541;3355;70;30;253
9545;680;80;20;60
9551;2405;80;20;93
9561;10245;60;40;518
9563;995;80;20;79
9564;55;40;60;151
9566;570;80;20;54
9571;2270;70;30;131
9573;375;80;20;25
9574;90;80;20;24
9581;7295;60;40;532
9584;1250;80;20;77
9585;295;100;-99997;21
9591;2880;70;30;195
9601;6945;40;60;1544
9602;11460;40;60;1611
9603;3565;80;20;1345
9605;855;90;10;42
9606;1635;90;10;213
9607;960;60;40;293
9608;855;90;10;66
9609;20;70;-99997;19
9611;8105;60;40;1061
9613;2780;90;10;188
9614;205;80;20;106
9615;1365;70;30;189
9616;505;90;10;117
9617;3020;80;20;363
9618;105;70;30;13
9619;830;80;20;90
9621;2140;60;40;190
9622;80;80;20;71
9623;160;100;-99997;20
9624;60;90;-99997;7
9625;510;80;20;33
9626;1675;80;20;176
9627;555;80;20;83
9628;3190;70;30;339
9629;180;90;10;36
9631;445;90;10;31
9632;55;100;-99997;13
9633;110;90;10;11
9635;1860;70;30;185
9636;3590;70;30;314
9641;5635;50;50;1341
9642;7770;60;40;1146
9644;1635;90;10;96
9645;4020;50;50;1060
9646;2455;80;20;1058
9648;5510;70;30;587
9649;4605;60;40;564
9651;1710;80;20;140
9654;400;80;20;40
9655;120;100;-99997;28
9656;150;90;10;34
9657;115;100;-99997;20
9658;480;90;10;43
9659;220;90;10;85
9661;1240;80;20;88
9663;4615;70;30;341
9665;7580;60;40;653
9671;4285;50;50;1733
9672;475;80;20;628
9673;3190;50;50;1097
9674;3035;60;40;1161
9675;6995;70;30;1344
9677;1460;70;30;492
9678;1490;80;20;160
9679;4940;60;40;547
9681;2185;70;30;202
9682;1490;70;30;113
9684;2160;70;30;154
9685;970;100;0;149
9686;2080;60;40;272
9687;225;80;20;26
9688;395;70;30;48
9691;35;90;-99997;179
9693;1330;60;40;241
9695;3240;70;30;133
9696;170;80;20;17
9697;2630;70;30;275
9698;1310;80;20;87
9699;970;70;30;64
9711;9835;10;90;6314
9712;10415;20;80;6740
9713;13175;20;80;4447
9714;5970;30;70;5384
9715;8205;20;80;5067
9716;4090;10;90;5228
9717;6410;40;60;5979
9718;9345;30;70;5186
9721;11285;50;50;3161
9722;8330;60;40;2569
9723;5760;50;50;2025
9724;4935;30;70;4348
9725;6175;30;70;4241
9726;4540;30;70;4415
9727;5635;50;50;2756
9728;10695;40;60;2181
9731;7740;80;20;1649
9732;5155;70;30;1492
9733;3675;40;60;1390
9734;2740;90;10;1119
9735;220;100;-99997;1336
9736;6090;30;70;1521
9737;5865;60;40;1680
9738;390;80;20;1078
9741;7495;20;80;4536
9742;11110;20;80;4393
9743;11975;20;80;2866
9744;5625;60;40;859
9745;3135;60;40;923
9746;7825;70;30;1182
9747;10;-99997;-99997;1013
9749;30;80;-99997;101
9751;7720;70;30;1077
9752;5335;70;30;908
9753;5070;70;30;973
9755;705;80;20;117
9756;1345;80;20;160
9761;7050;70;30;904
9765;3790;70;30;740
9766;3130;90;10;305
9771;1130;70;30;165
9773;130;100;-99997;58
9774;665;80;20;77
9781;8740;70;30;809
9784;260;90;10;61
9785;1020;80;20;351
9791;4655;70;30;537
9792;775;60;40;105
9793;105;100;-99997;43
9794;70;60;40;40
9795;345;80;20;53
9796;190;80;20;19
9797;560;90;10;56
9798;495;80;20;74
9801;8325;80;20;738
9804;1475;80;20;268
9805;445;90;10;503
9811;285;90;10;40
9812;45;90;-99997;42
9821;1345;90;10;184
9822;1570;70;30;233
9824;470;80;20;41
9825;190;100;-99997;21
9827;135;90;10;22
9828;690;80;20;111
9831;2240;70;30;299
9832;400;90;10;28
9833;280;90;20;33
9841;25;-99997;-99997;67
9842;430;80;20;69
9843;2755;70;30;334
9844;240;90;10;28
9845;315;80;20;50
9851;615;80;20;73
9852;200;80;20;20
9853;475;70;30;67
9861;3500;60;40;442
9862;660;90;10;59
9863;1135;80;20;74
9864;630;80;20;91
9865;2555;80;20;143
9866;935;80;20;77
9871;150;80;30;131
9872;170;90;10;118
9873;770;70;30;132
9881;335;80;20;67
9882;230;80;20;76
9883;1520;70;30;168
9884;245;90;10;23
9885;195;90;10;23
9886;100;90;10;22
9891;790;70;30;113
9892;320;80;20;40
9893;440;70;30;55
9901;4125;40;60;1063
9902;5155;40;60;1136
9903;1930;80;20;930
9904;110;90;10;20
9905;1045;80;20;129
9906;645;70;30;100
9907;160;80;20;39
9908;310;80;20;44
9909;1380;80;20;161
9911;190;80;20;30
9912;245;80;20;35
9913;125;90;10;27
9914;520;80;20;57
9915;635;70;30;90
9917;490;70;30;59
9918;560;70;30;71
9919;2315;50;50;352
9921;915;70;30;130
9922;420;80;20;54
9923;195;80;20;32
9924;30;100;-99997;35
9925;15;-99997;-99997;20
9931;1875;40;60;1030
9932;4495;70;30;612
9933;4015;40;60;989
9934;4920;60;40;1155
9936;1710;60;40;538
9937;595;90;10;60
9939;270;90;10;27
9942;95;90;10;28
9943;335;80;20;39
9944;1345;70;30;112
9945;1740;70;30;236
9946;950;80;20;119
9947;385;90;10;78
9948;300;60;40;98
9949;155;90;10;39
9951;7365;70;30;681
9953;1840;60;40;316
9954;100;100;-99997;35
9955;210;80;20;204
9956;450;80;20;60
9957;45;80;-99997;9
9959;575;80;20;79
9961;195;80;20;77
9962;95;90;-99997;21
9963;285;80;20;37
9964;755;70;30;106
9965;1735;70;30;267
9966;170;70;30;18
9967;1485;70;30;217
9968;420;80;20;47
9969;240;70;30;38
9971;1365;60;40;213
9972;65;90;10;36
9973;220;90;10;39
9974;1225;60;40;205
9975;190;70;30;25
9976;150;80;20;67
9977;1245;70;30;124
9978;180;80;20;49
9981;5465;50;50;609
9982;3145;60;40;316
9983;1160;70;30;120
9984;255;80;20;21
9985;135;100;-99997;30
9986;110;70;30;17
9987;195;70;30;36
9988;1370;70;30;166
9989;2200;60;40;301
9991;2215;50;50;329
9992;140;90;10;22
9993;125;90;10;60
9994;75;90;-99997;203
9995;675;70;30;96
9996;70;90;-99997;19
9997;595;70;30;87
9998;185;80;20;17
9999;100;90;-99997;12