Post.code;Totaal.2020;Koopwoning.2020;Huurwoning.2020;adressen/km2.2020
Code;x1;%;%;adressen/km2
1011;9705;30;70;7039
1012;8600;20;80;8517
1013;21395;30;70;6436
1014;2175;40;60;2974
1015;14865;30;70;11029
1016;10980;30;70;11371
1017;12730;40;60;9425
1018;21110;30;70;6916
1019;18980;40;60;4310
1021;7040;20;80;2833
1022;3445;40;60;2515
1023;4690;30;70;2571
1024;13190;30;70;2595
1025;15620;30;70;2883
1026;535;80;20;101
1027;535;70;30;172
1028;615;90;10;41
1031;6555;10;90;3142
1032;5915;30;70;2898
1033;12725;20;80;2206
1034;14970;30;70;2513
1035;10735;50;50;1996
1036;2540;70;30;2638
1037;140;-99997;-99997;313
1041;15;-99997;60;99
1042;25;-99997;-99997;122
1043;725;-99997;100;1947
1045;15;-99997;-99997;51
1046;80;-99997;-99997;293
1047;45;-99997;-99997;85
1051;13320;30;70;8916
1052;12305;30;70;11497
1053;16630;30;70;11598
1054;17135;40;60;9855
1055;21180;30;70;6917
1056;20385;30;70;9936
1057;17530;20;80;10690
1058;15955;30;60;8094
1059;6580;40;60;6026
1060;10060;70;30;3142
1061;15885;20;80;5700
1062;13570;10;80;5339
1063;12890;30;70;3824
1064;17120;20;80;3920
1065;12250;20;80;4213
1066;18230;40;60;2901
1067;20200;30;70;2708
1068;16680;30;70;3718
1069;26345;30;70;3977
1071;12620;40;60;7809
1072;13730;20;70;10051
1073;13360;20;80;11185
1074;8355;20;80;10779
1075;10550;30;70;7638
1076;11415;20;80;5096
1077;9785;60;40;5233
1078;14765;30;70;8560
1079;14680;20;80;6042
1081;5320;40;60;2642
1082;12115;30;60;4070
1083;7760;30;70;3156
1086;4255;50;40;1141
1087;19755;50;50;1800
1091;16980;30;70;8713
1092;9025;30;70;8061
1093;10225;30;70;8641
1094;12530;30;70;8206
1095;14605;20;80;4518
1096;5075;10;90;2923
1097;14880;20;80;4690
1098;15790;40;60;4796
1101;120;-99997;-99997;1480
1102;24935;20;80;3351
1103;14275;40;60;3513
1104;15495;30;70;3222
1105;625;0;100;1511
1106;18080;30;70;2418
1107;11635;30;70;2291
1108;3035;40;60;2019
1109;1620;60;40;452
1111;14495;50;50;2449
1112;12690;30;70;3316
1113;3590;40;60;1244
1114;65;-99997;-99997;1359
1115;5050;40;60;2055
1118;55;-99997;-99997;73
1119;25;-99997;-99997;407
1121;10245;60;30;1150
1127;825;80;20;93
1131;8960;70;30;1730
1132;13455;90;10;1487
1135;7240;70;30;1243
1141;9585;70;30;991
1145;330;80;20;148
1151;2770;70;30;293
1153;315;90;10;50
1154;135;90;10;56
1156;1770;70;30;301
1161;7890;70;30;1074
1165;2610;70;30;814
1171;12930;70;30;1688
1175;835;90;10;478
1181;20740;60;40;3257
1182;3885;50;50;1583
1183;13785;40;60;2736
1184;615;70;30;570
1185;11920;40;60;2877
1186;14360;30;70;2492
1187;18550;60;40;1539
1188;7325;50;50;2044
1189;500;50;50;105
1191;8915;70;30;903
1211;9765;40;60;3954
1212;3600;30;70;2084
1213;6975;80;20;2294
1214;7635;50;50;3346
1215;10165;70;30;3024
1216;8915;50;50;1935
1217;7610;70;30;2069
1218;4150;60;40;819
1221;9180;50;50;3919
1222;11060;50;50;2246
1223;11770;50;50;2751
1231;9020;70;30;597
1241;6760;70;30;883
1243;1340;60;40;547
1244;1530;80;20;206
1251;10925;70;30;1095
1252;350;60;30;971
1261;10635;70;30;1066
1262;895;90;10;1246
1271;7875;60;40;1694
1272;6300;80;20;1095
1273;8905;50;50;2375
1274;6555;50;50;2307
1275;2025;50;50;2574
1276;7495;50;50;2419
1277;2115;80;20;1615
1309;40;90;-99997;115
1311;4665;70;30;1742
1312;7015;70;30;1759
1313;4345;70;30;1208
1314;5945;40;60;2008
1315;4145;30;70;2470
1316;4100;90;10;1294
1317;4030;70;30;1025
1318;9840;60;40;1719
1319;7165;80;20;622
1321;9770;70;30;1571
1323;6360;70;30;2320
1324;10510;50;50;2084
1325;10540;60;40;1517
1326;11415;70;30;1869
1328;9960;70;30;1694
1331;190;70;30;81
1332;5;-99997;-99997;234
1333;12545;60;40;1610
1334;2040;20;70;2329
1335;12375;70;30;1872
1336;8655;80;20;1155
1338;9760;70;30;1816
1339;11360;70;30;1891
1341;2145;80;20;248
1343;1245;100;0;179
1349;1585;90;10;97
1351;2030;90;10;1174
1352;1690;80;30;1572
1353;4715;30;70;1598
1354;3000;30;70;2021
1355;3000;50;50;1532
1356;2705;60;40;1079
1357;3500;60;40;1407
1358;580;100;0;129
1359;2135;90;10;671
1361;2055;50;50;861
1363;14700;70;30;1445
1381;4990;50;40;1755
1382;10140;50;50;1957
1383;3570;70;30;1159
1384;1040;100;0;1591
1391;8105;70;30;862
1393;1565;60;40;213
1394;5500;70;30;377
1396;1430;70;30;172
1398;3585;60;40;479
1399;3075;70;30;448
1401;4890;70;30;2718
1402;9630;60;40;3006
1403;9350;50;50;1915
1404;3490;50;50;3094
1405;2940;80;20;2260
1406;3475;70;30;2251
1411;10040;60;40;957
1412;7580;80;20;1678
1421;6070;50;50;1691
1422;13255;60;40;1663
1423;5660;70;30;1187
1424;4490;70;30;541
1426;865;80;20;144
1427;1020;70;30;944
1428;110;100;-99997;123
1431;12625;60;40;1014
1432;9960;70;30;894
1433;9270;70;30;829
1435;4230;60;40;461
1436;500;80;20;677
1437;45;30;70;187
1438;175;90;10;203
1441;14545;60;40;2627
1442;6815;50;50;2626
1443;7460;30;70;2970
1444;6690;60;40;1679
1445;9230;50;50;2315
1446;5060;60;40;1450
1447;12480;70;30;1897
1448;18970;70;30;1932
1451;410;80;20;98
1452;1815;80;20;236
1454;540;80;20;66
1456;1830;80;20;174
1458;180;80;20;14
1461;3630;80;20;1061
1462;5000;70;30;514
1463;620;90;10;39
1464;770;80;10;52
1471;740;80;20;314
1472;715;80;20;65
1473;805;80;20;97
1474;3340;80;20;389
1475;535;80;20;51
1476;115;90;10;20
1477;175;90;10;30
1481;115;80;20;125
1482;150;90;-99997;20
1483;4050;70;30;568
1484;890;80;20;428
1485;90;90;-99997;81
1486;755;90;10;113
1487;150;90;10;102
1488;210;80;20;66
1489;160;100;-99997;31
1501;6505;50;50;3722
1502;8355;40;60;3685
1503;11380;40;60;2616
1504;8615;30;70;2212
1505;6580;40;60;2153
1506;12915;60;40;3021
1507;13240;70;30;1841
1508;4700;50;50;1837
1509;6530;60;40;965
1511;9735;70;30;1066
1521;11305;50;50;1700
1525;590;60;40;351
1531;13055;60;40;1780
1534;495;80;20;241
1536;325;90;10;76
1541;11275;60;40;1988
1544;8645;50;50;1372
1546;710;70;30;146
1551;4865;80;20;335
1561;8115;50;50;2281
1562;9185;60;40;1725
1566;12995;70;30;906
1567;10965;80;20;1649
1601;7435;60;40;1359
1602;11155;60;40;1418
1606;4320;70;30;416
1607;1515;70;30;220
1608;1370;80;20;86
1609;105;90;-99997;25
1611;10210;70;30;1240
1613;9320;70;30;1146
1614;2200;80;20;605
1616;8255;70;30;843
1617;1815;80;20;191
1619;6880;70;30;371
1621;5525;50;50;1998
1622;7640;50;50;1040
1623;2535;60;40;1796
1624;5625;60;40;2255
1625;9640;60;40;1820
1627;15;-99997;-99997;509
1628;20725;60;40;1889
1631;445;90;10;45
1633;3475;80;20;596
1634;440;70;30;86
1636;1260;70;30;173
1641;935;70;30;159
1642;45;90;-99997;140
1643;465;90;10;108
1645;2845;80;20;284
1646;65;80;20;110
1647;2575;80;20;219
1648;3475;80;20;641
1652;535;90;10;49
1654;720;80;20;117
1655;945;80;20;132
1657;2075;70;30;304
1658;170;90;10;32
1661;445;90;10;60
1662;320;70;30;75
1663;110;90;-99997;70
1671;8590;60;40;1003
1674;1955;60;40;270
1676;1105;70;20;109
1678;865;80;10;148
1679;2320;70;30;309
1681;265;90;10;139
1682;210;90;10;68
1683;210;90;10;126
1684;425;80;20;98
1685;470;80;20;498
1686;120;90;10;392
1687;6330;80;20;576
1688;2455;70;30;297
1689;17345;70;30;1293
1691;675;80;20;66
1692;30;80;-99997;23
1693;8175;70;30;593
1695;4200;70;30;1658
1696;1505;80;20;286
1697;835;90;10;141
1701;8895;80;20;1459
1702;8600;60;40;1993
1703;12535;60;40;2176
1704;8680;80;20;918
1705;16845;70;30;1752
1706;2015;80;20;649
1711;1595;80;20;214
1713;5910;80;20;628
1715;4305;80;20;607
1716;2200;70;30;667
1718;3975;80;20;477
1719;480;70;30;51
1721;6135;70;30;830
1722;6085;80;20;1099
1723;5750;70;30;1150
1724;3925;80;20;538
1731;3400;70;30;438
1732;775;80;20;73
1733;3330;70;20;383
1734;400;90;10;47
1735;2165;80;20;233
1736;395;90;10;152
1738;2665;80;20;289
1741;12430;60;40;1589
1742;6530;70;30;984
1744;1875;80;20;127
1746;1640;80;20;300
1747;3775;70;30;406
1749;6100;70;30;515
1751;2080;70;30;176
1752;735;90;10;132
1753;620;70;30;255
1754;835;80;20;58
1755;1655;70;30;244
1756;2425;70;30;275
1757;710;80;20;108
1759;2380;70;30;352
1761;8355;60;40;717
1764;3775;80;20;215
1766;2270;70;30;203
1767;1030;70;30;145
1768;920;80;20;69
1769;190;90;10;35
1771;5930;70;30;592
1773;590;80;20;94
1774;2130;70;30;151
1775;4250;70;30;458
1777;5145;60;40;560
1778;920;80;20;108
1779;2455;70;30;381
1781;9050;50;50;2321
1782;10680;60;40;2414
1783;2630;40;60;1415
1784;9380;40;60;1516
1785;9180;40;60;1392
1786;160;90;10;168
1787;2665;70;30;646
1788;11970;80;20;1383
1789;580;90;10;334
1791;7045;60;40;876
1792;1330;80;20;203
1793;365;80;20;40
1794;1310;80;20;141
1795;1155;80;20;144
1796;1365;60;30;382
1797;1000;60;40;74
1811;5185;40;60;4043
1812;220;80;20;977
1813;8630;40;60;2573
1814;9505;50;50;3282
1815;7200;70;30;3221
1816;8420;50;50;2145
1817;3750;70;30;1766
1821;1635;50;50;2820
1822;5375;80;20;1408
1823;7080;60;40;2830
1824;7570;50;40;2178
1825;9260;60;40;2102
1826;6460;70;30;2428
1827;10600;60;40;1953
1829;4045;70;30;1210
1831;2495;60;40;1197
1832;250;90;10;57
1834;6025;80;20;969
1841;1995;70;30;219
1842;630;80;20;116
1843;690;80;20;75
1844;245;90;10;20
1846;400;90;10;38
1847;230;90;10;45
1851;12775;70;20;1256
1852;10435;70;30;1457
1853;705;60;40;1515
1861;6385;70;30;1100
1862;6185;60;40;1129
1865;335;70;30;159
1871;4650;70;30;431
1873;1465;70;30;365
1901;14625;70;30;1657
1902;8675;70;30;1750
1906;7445;80;20;791
1911;13665;70;30;1103
1921;5075;80;20;522
1931;4560;60;40;1201
1934;3665;80;20;473
1935;2590;80;20;403
1941;3460;50;50;2866
1942;2350;70;30;2806
1943;5025;70;30;2649
1944;7180;50;50;3206
1945;7005;40;60;3522
1946;4545;30;70;3154
1947;3685;50;50;3156
1948;6205;70;30;1555
1949;2170;60;40;454
1951;5315;40;60;1012
1961;1220;40;60;2814
1962;7395;40;60;2384
1963;5500;70;30;1587
1964;7125;60;40;2527
1965;6075;80;20;3075
1966;5105;40;60;3010
1967;5250;70;30;1479
1968;340;70;30;325
1969;1170;90;10;1133
1971;8925;60;40;2301
1972;8230;40;60;2931
1973;5735;40;60;2850
1974;6125;40;60;1685
1975;2775;30;70;1940
1976;335;50;50;1099
1981;2040;90;10;683
1985;3140;80;20;869
1991;13275;70;30;1953
1992;2090;70;30;1365
2011;13975;40;60;5520
2012;13055;60;40;3856
2013;8335;70;30;4588
2014;8290;70;30;2704
2015;5770;70;30;2056
2019;175;60;40;5588
2021;9190;50;50;3882
2022;9060;70;30;3421
2023;13175;70;30;3776
2024;9105;80;20;3159
2025;10015;50;50;2656
2026;5690;60;40;2340
2031;1750;60;40;2285
2032;8060;40;60;4083
2033;12320;30;70;3056
2034;10175;40;60;3458
2035;7620;40;60;3010
2036;7715;60;40;2957
2037;8795;20;80;3327
2041;7725;40;50;1796
2042;8360;60;40;2017
2051;4560;80;20;1677
2061;6675;60;40;1279
2063;630;60;40;437
2064;3325;70;30;415
2065;330;80;20;117
2071;7240;80;20;1644
2082;3330;70;30;1309
2101;7625;60;40;2381
2102;5340;80;20;2137
2103;3590;70;30;1441
2104;3690;50;50;736
2105;3865;70;30;1311
2106;3125;90;10;1745
2111;4830;80;10;871
2114;2175;60;40;429
2116;1030;70;30;314
2121;5335;70;30;816
2131;10870;70;30;2151
2132;13040;50;50;1874
2133;7850;70;30;2297
2134;28495;60;30;1768
2135;16410;70;30;2062
2136;1990;90;10;506
2141;4865;80;20;634
2142;1035;90;10;461
2143;140;60;40;68
2144;985;90;10;1108
2151;15825;70;30;1734
2152;12440;70;30;1514
2153;3245;60;40;1012
2154;330;80;20;53
2155;55;90;-99997;286
2156;370;70;30;413
2157;1190;70;30;109
2158;475;80;20;141
2159;480;60;40;141
2161;12415;60;40;1767
2162;7670;60;40;1422
2163;2870;70;30;1591
2165;3420;70;30;1196
2171;10020;60;40;1650
2172;5745;60;40;1705
2181;9620;60;40;1717
2182;12585;70;30;1427
2191;2180;70;30;292
2201;13615;60;40;1756
2202;7965;60;30;1573
2203;4190;70;30;1784
2204;835;70;30;261
2211;14575;60;40;1202
2212;145;100;-99997;455
2215;16145;70;30;1416
2216;720;50;50;1092
2221;13225;60;40;2344
2222;15;-99997;-99997;1527
2223;6020;60;40;1944
2224;9560;50;50;2588
2225;14135;70;30;2334
2231;16340;70;30;2024
2232;310;60;40;1433
2235;6145;70;30;1181
2241;10165;50;50;1874
2242;9140;50;40;1699
2243;2925;70;20;370
2244;1985;80;10;484
2245;2025;50;50;449
2251;11395;60;40;1731
2252;5245;70;30;1677
2253;8100;60;40;2204
2254;855;80;20;1234
2261;4925;60;40;2180
2262;3195;40;60;2867
2263;5935;40;60;2443
2264;8735;60;40;2912
2265;4450;60;40;2465
2266;6525;50;50;1336
2267;410;100;0;1275
2271;7260;70;30;2355
2272;8525;60;40;2769
2273;10030;40;60;4076
2274;11690;60;40;3888
2275;4850;80;20;2498
2281;4700;90;10;3988
2282;10495;50;50;3981
2283;5775;50;50;2985
2284;4740;30;70;3492
2285;8300;50;50;3178
2286;11820;50;50;2601
2287;4255;30;70;2960
2288;2565;60;40;2024
2289;1800;70;30;1467
2291;13450;70;30;2248
2292;2985;70;30;2078
2295;3815;70;30;587
2311;11025;30;60;5375
2312;14350;20;80;5499
2313;12520;60;40;4094
2314;6245;60;40;2703
2315;8490;30;70;4462
2316;10510;40;60;4524
2317;11000;60;40;2530
2318;3335;80;20;2049
2321;10940;30;70;3682
2322;205;60;40;631
2323;150;90;10;1247
2324;9930;50;50;3287
2331;10970;60;40;2146
2332;10135;40;60;2935
2333;2790;30;70;2139
2334;2500;70;30;2039
2341;10045;70;30;1845
2342;3395;80;20;1152
2343;11400;70;30;1805
2351;5275;80;20;1596
2352;8400;60;40;3169
2353;13380;60;40;2171
2355;1700;70;30;203
2361;4635;60;40;751
2362;175;70;30;70
2371;8760;60;30;966
2374;730;70;30;179
2375;1670;60;40;216
2376;660;80;20;372
2377;3785;60;40;817
2381;5520;70;20;528
2382;3005;70;30;1116
2391;5970;70;30;481
2394;5415;70;30;824
2396;4115;70;30;806
2401;9360;60;40;1939
2402;13645;50;50;3043
2403;10265;60;40;2187
2404;4715;50;50;2055
2405;8000;60;40;2845
2406;9340;70;30;2570
2407;840;90;10;238
2408;17420;70;30;2009
2409;45;80;-99997;109
2411;17450;70;30;1563
2412;1500;80;20;914
2415;1790;80;20;198
2421;9405;70;30;779
2431;1675;80;20;196
2432;185;90;10;69
2435;2930;70;30;215
2441;4285;70;30;396
2445;1205;70;30;102
2451;4640;70;30;541
2461;9425;70;30;452
2465;1230;70;30;163
2471;1855;60;40;217
2481;3640;70;30;470
2491;260;100;-99997;1282
2492;12525;70;30;1465
2493;8235;70;30;1460
2495;170;90;-99997;1304
2496;11130;50;50;1757
2497;10360;60;40;1680
2498;5830;60;40;1085
2511;4640;20;80;6703
2512;14255;20;80;8471
2513;8035;30;70;7747
2514;3645;40;60;4985
2515;12985;10;80;7249
2516;11355;10;90;5245
2517;10280;50;50;5938
2518;11105;30;70;6958
2521;10845;10;90;7137
2522;12795;40;60;6418
2523;5665;50;50;5621
2524;6870;40;60;4629
2525;15750;30;70;7416
2526;13350;20;80;8334
2531;9065;30;70;4546
2532;6025;10;90;3956
2533;7510;10;90;4287
2541;8210;20;80;4197
2542;10630;20;80;3270
2543;6665;20;80;3637
2544;12375;30;70;3389
2545;12040;40;60;4566
2546;6135;70;30;5541
2547;7455;50;50;6108
2548;22360;60;40;2569
2551;11125;40;60;4516
2552;16450;50;50;4256
2553;9520;50;50;2348
2554;1890;50;50;1597
2555;9120;50;50;3784
2561;5515;50;50;8011
2562;11155;30;70;8637
2563;10435;50;50;7675
2564;11560;70;30;5281
2565;12180;70;30;5436
2566;6555;80;20;3194
2571;10770;20;80;8400
2572;9805;40;60;7511
2573;10625;50;50;7459
2574;7290;60;40;7402
2581;3140;80;20;3988
2582;8985;60;40;4261
2583;11490;40;60;3131
2584;6975;40;60;4263
2585;6645;50;50;3330
2586;7965;60;40;3701
2587;8335;60;40;2766
2591;7300;40;60;2897
2592;6730;30;70;3252
2593;8595;50;50;4092
2594;2000;50;40;3176
2595;8660;40;60;4538
2596;7740;60;40;2649
2597;8605;70;30;1573
2611;12440;40;60;4574
2612;9535;40;60;2731
2613;13090;50;50;4534
2614;12620;50;50;3112
2616;100;80;20;1467
2622;8005;50;50;2234
2623;6025;50;50;2152
2624;13490;30;70;4355
2625;13650;30;70;3591
2626;60;100;-99997;1250
2627;1245;60;40;3681
2628;13010;20;80;2783
2629;325;60;40;903
2631;15300;70;30;1764
2632;3740;70;30;1957
2635;8245;80;20;2331
2636;4475;70;30;448
2641;14300;70;30;1349
2642;8210;80;20;1546
2643;4615;40;60;1439
2645;9140;80;20;1240
2651;18540;70;30;1313
2652;13070;70;30;1447
2661;13350;80;20;1440
2662;5400;70;30;1538
2665;12015;70;30;980
2671;13090;60;40;1935
2672;5840;70;30;1562
2673;3025;80;20;1503
2675;7595;70;30;772
2676;4335;70;30;503
2678;12520;70;30;1030
2681;13980;70;30;1336
2684;690;20;80;1363
2685;6950;60;40;863
2691;14040;70;30;1470
2692;3785;70;30;1532
2693;900;70;30;1317
2694;3380;80;20;1606
2711;4515;20;80;3708
2712;5270;70;30;2660
2713;6420;50;50;3428
2715;5635;40;60;3536
2716;10030;50;50;2628
2717;7675;40;60;2410
2718;8890;70;30;1723
2719;11670;70;30;1677
2721;10975;60;40;1710
2722;4950;30;70;2882
2723;3845;60;40;2521
2724;7165;60;40;3197
2725;5915;70;30;2131
2726;6165;50;50;2941
2727;5235;60;40;2743
2728;8605;70;30;1871
2729;12310;60;40;2148
2731;3570;70;30;802
2735;80;100;-99997;96
2741;11610;60;40;1606
2742;10715;60;40;1674
2743;6960;70;30;1301
2751;4600;70;30;536
2752;360;90;10;239
2761;8405;70;30;731
2771;16130;60;40;889
2801;8350;40;60;3580
2802;9710;50;50;2378
2803;9530;50;50;2259
2804;12190;60;40;2159
2805;10785;60;40;2848
2806;10000;60;40;3120
2807;11000;60;40;1541
2808;430;80;20;1680
2809;1435;70;30;870
2811;10540;70;30;840
2821;5270;70;30;430
2825;1760;80;20;125
2831;2595;60;40;981
2841;8740;60;40;1074
2851;4340;70;30;491
2855;640;70;30;56
2861;6970;70;30;647
2865;1705;60;40;430
2871;12005;60;40;1190
2872;1065;90;10;549
2901;9515;80;20;1953
2902;8305;60;40;2547
2903;8585;40;60;2842
2904;8085;60;40;2375
2905;6625;30;70;2341
2906;5630;40;60;2309
2907;14070;50;50;2176
2908;3200;50;50;2029
2909;3085;70;30;1339
2911;6700;70;30;1276
2912;6700;60;40;1795
2913;510;80;20;656
2914;7870;70;30;1643
2921;2320;90;10;1480
2922;7055;50;50;2440
2923;6235;60;40;2081
2924;4210;60;40;1930
2925;7025;60;40;1682
2926;2685;70;30;1524
2931;6480;60;40;886
2935;5785;80;20;478
2941;7700;70;30;953
2951;10530;60;40;1822
2952;1000;80;20;826
2953;5965;60;40;1198
2954;2670;80;20;1639
2957;8400;60;40;819
2959;2490;70;30;233
2961;820;90;10;607
2964;4245;70;30;482
2965;1415;60;40;413
2967;1660;60;40;310
2968;125;90;-99997;50
2969;2230;70;20;232
2971;2865;70;30;287
2973;1205;70;30;193
2974;1305;70;30;157
2975;960;70;30;69
2977;925;80;20;85
2981;3160;50;50;2251
2982;6375;40;60;1792
2983;9250;70;30;1458
2984;3270;90;10;1623
2985;4740;60;40;2050
2986;8175;50;50;1813
2987;7670;50;50;1969
2988;2735;80;20;403
2989;810;80;20;886
2991;12955;70;30;1561
2992;14690;70;30;1807
2993;14295;70;30;1712
2994;6775;70;30;1509
2995;3785;70;30;525
3011;16980;30;70;6434
3012;5665;20;80;6430
3013;1030;50;50;7068
3014;7910;10;90;6584
3015;2420;40;60;5847
3016;2090;50;50;3671
3021;12020;30;70;6903
3022;10085;30;70;6035
3023;9445;30;70;7381
3024;9280;30;70;4412
3025;7145;20;80;5531
3026;7365;10;90;6512
3027;10440;30;70;4898
3028;7795;40;60;3652
3029;3925;10;90;3398
3031;8285;20;80;7802
3032;6480;30;70;8220
3033;4685;30;70;7242
3034;11595;10;90;6013
3035;6835;20;80;8097
3036;7960;20;80;6433
3037;7825;40;60;6639
3038;8080;30;70;5908
3039;10415;60;40;5188
3041;195;-99997;-99997;2112
3042;8055;30;70;1932
3043;7215;60;40;1777
3044;125;60;40;1477
3045;3770;80;20;913
3046;340;80;10;58
3047;70;80;20;510
3051;7875;70;30;3159
3052;6550;30;70;2765
3053;10455;40;60;2413
3054;7925;50;50;2086
3055;8250;70;30;1703
3056;3440;80;20;881
3059;12785;80;20;1154
3061;16070;30;70;5706
3062;8315;50;50;3139
3063;10225;30;60;3530
3064;1640;70;30;1488
3065;8300;60;40;1981
3066;10375;40;60;2935
3067;21025;40;60;3297
3068;22860;40;60;2901
3069;18980;40;60;2637
3071;19700;30;70;4501
3072;16015;20;80;4669
3073;14255;20;80;6348
3074;12050;30;70;4768
3075;13755;10;90;3990
3076;14240;30;70;2594
3077;18255;50;50;2205
3078;12860;30;70;2647
3079;16010;40;60;2763
3081;12605;20;80;5814
3082;11990;30;60;3672
3083;13900;40;60;5162
3084;2110;20;80;2281
3085;13905;20;80;2659
3086;12240;30;70;2614
3087;1860;30;70;2291
3088;35;60;40;359
3089;1615;30;70;283
3111;4830;50;50;5057
3112;11065;40;50;4381
3113;10;-99997;-99997;3567
3114;6240;50;50;2084
3115;30;60;-99997;987
3116;3260;70;30;3324
3117;9240;50;50;3766
3118;5255;30;70;3284
3119;9940;30;70;3610
3121;3530;70;30;2407
3122;9410;30;70;3051
3123;7390;60;40;2602
3124;8185;90;10;1836
3125;345;70;30;1112
3131;15360;50;50;3527
3132;12560;40;60;2081
3133;1120;30;70;1934
3134;7405;60;40;3210
3135;12820;60;40;2600
3136;10760;30;70;3085
3137;13350;50;50;2447
3138;10;-99997;-99997;1131
3141;6300;50;50;1985
3142;5565;30;70;2406
3143;2465;70;30;2208
3144;6615;50;50;2209
3145;6850;60;40;1813
3146;4960;80;20;1202
3147;460;90;10;1696
3151;10370;40;60;1020
3155;6625;70;30;748
3161;8665;70;30;941
3162;7425;80;20;1116
3171;5965;60;40;1188
3172;970;60;40;653
3176;2570;80;20;974
3181;12515;60;40;1209
3191;9855;60;40;2415
3192;12475;30;70;2149
3193;6290;50;50;1573
3194;6570;60;40;1750
3195;4885;70;30;737
3201;13735;40;60;2725
3202;7135;50;50;1694
3203;3760;40;60;3141
3204;7275;40;60;3238
3205;8405;70;30;2485
3206;10185;50;50;2385
3207;15500;70;30;1666
3208;5990;60;40;1740
3209;1565;70;30;966
3211;1620;60;40;299
3212;535;60;40;177
3214;5740;70;30;731
3216;1265;80;20;150
3218;2510;80;20;417
3221;5190;50;50;1273
3222;4040;60;40;1172
3223;13155;70;30;1465
3224;8305;70;30;1910
3225;8145;60;40;1768
3227;1225;70;30;150
3231;3935;60;40;1048
3232;9480;60;40;1064
3233;7765;70;30;706
3234;560;80;20;107
3235;6400;70;30;544
3237;1805;80;20;244
3238;1875;80;20;249
3241;7460;60;40;1105
3243;1435;70;30;187
3244;2415;60;40;256
3245;7215;60;40;1271
3247;5840;70;30;645
3248;2155;70;30;304
3249;1220;60;40;265
3251;3495;60;40;529
3252;2295;80;20;281
3253;6170;70;30;480
3255;4860;60;40;657
3256;1085;60;40;108
3257;2665;60;40;373
3258;1745;60;40;183
3261;10385;70;30;1224
3262;9420;60;40;1669
3263;4745;80;20;1234
3264;4100;80;20;461
3265;1725;70;30;216
3267;2040;70;30;187
3271;4680;80;20;422
3273;2065;80;20;348
3274;3580;70;30;283
3281;8890;70;30;772
3284;3580;70;30;340
3286;4150;80;20;425
3291;7840;70;30;684
3292;460;70;30;64
3293;455;60;40;73
3295;8905;70;30;977
3297;7115;60;40;847
3299;3250;80;20;361
3311;16390;50;50;3719
3312;11440;70;30;2693
3313;5705;60;40;1362
3314;16100;50;50;3325
3315;18935;70;30;1854
3316;790;80;20;387
3317;14630;40;60;2806
3318;5715;30;70;2481
3319;10545;70;30;1618
3328;16655;80;20;2062
3329;2365;80;20;911
3331;11310;60;40;2698
3332;9780;50;50;2702
3333;7180;50;50;1959
3334;6215;50;50;1597
3335;6400;80;20;1344
3336;70;90;-99997;1217
3341;7860;70;30;1568
3342;6390;80;20;1439
3343;6745;70;30;1973
3344;10205;70;30;2277
3351;9085;60;40;2134
3352;3395;70;30;1549
3353;6100;40;50;2429
3354;2465;80;20;2190
3355;5990;70;30;1855
3356;5105;80;20;944
3361;6555;70;30;1660
3362;11040;50;50;1902
3363;7360;60;40;1172
3364;255;80;20;994
3366;710;80;20;64
3371;12480;60;30;1149
3372;4710;60;40;560
3373;1100;90;10;761
3381;4855;80;20;312
3401;12365;60;40;2031
3402;9575;50;50;1951
3403;2055;90;10;1108
3404;10115;80;20;1664
3405;3630;70;30;282
3411;8115;70;30;485
3412;1165;80;20;102
3413;295;90;10;80
3415;1265;80;20;79
3417;9945;70;30;843
3421;8310;70;30;975
3425;800;90;10;502
3431;8015;50;50;2744
3432;6535;50;50;1785
3433;3490;60;40;1380
3434;8600;60;40;1495
3435;6040;70;30;1881
3436;6435;70;30;2430
3437;13460;70;30;1979
3438;10075;70;30;1823
3439;805;30;40;655
3441;2645;50;50;2116
3442;4300;60;40;2306
3443;7310;50;50;1880
3444;265;90;10;682
3445;4330;60;40;1377
3446;9295;90;10;1194
3447;40;-99997;-99997;939
3448;9090;60;40;1505
3449;670;60;40;1810
3451;11930;70;30;1308
3452;15195;70;30;1695
3453;9250;80;20;1524
3454;12780;70;20;1540
3455;430;70;30;103
3461;3970;80;20;471
3464;400;80;30;43
3465;1925;80;20;192
3466;1665;80;20;172
3467;720;80;20;113
3471;3865;70;30;306
3474;2300;80;20;186
3481;8190;80;20;738
3511;9185;40;60;5525
3512;8555;30;70;5982
3513;6845;30;70;5554
3514;7590;60;40;6092
3515;6025;40;60;5509
3521;6935;50;50;4060
3522;9055;40;50;4572
3523;10320;40;60;4369
3524;11465;40;60;2236
3525;6115;40;60;2995
3526;12320;20;80;3110
3527;11735;30;70;3117
3528;15;-99997;-99997;1047
3531;11570;40;60;4192
3532;7120;50;50;4389
3533;9125;70;30;3172
3534;1315;90;10;2323
3541;7275;40;60;2148
3542;145;70;30;643
3543;11285;50;50;1641
3544;22090;60;40;2126
3545;635;50;50;559
3546;205;90;10;221
3551;6895;40;60;4623
3552;7985;30;70;4583
3553;7145;60;40;3510
3554;7790;40;60;4085
3555;8705;40;60;2138
3561;8950;20;80;3459
3562;7040;20;80;3482
3563;7775;20;80;3683
3564;10070;20;80;2836
3565;50;40;50;1110
3566;330;80;20;1503
3571;10035;60;30;3791
3572;11635;60;40;4739
3573;4795;70;30;1874
3581;9815;50;50;4905
3582;8825;40;60;4251
3583;6055;50;50;2837
3584;6740;30;70;1025
3585;210;80;20;747
3601;7070;50;40;1436
3602;3595;80;20;984
3603;2555;80;20;2136
3604;2570;80;20;1190
3605;5770;40;60;2159
3606;345;-99997;100;1285
3607;13650;80;20;1771
3608;3355;70;30;1311
3611;610;90;10;533
3612;1755;80;20;138
3615;1145;80;20;99
3621;10620;60;40;868
3625;210;80;20;64
3626;725;80;20;62
3628;3440;70;30;306
3631;485;70;20;144
3632;4460;60;40;551
3633;1880;70;30;251
3634;480;80;20;108
3641;11365;60;40;1315
3642;3190;60;40;1182
3643;1510;80;20;749
3645;9330;70;30;631
3646;805;80;20;56
3648;6840;70;30;656
3651;150;90;10;53
3652;580;80;20;83
3653;40;90;-99997;74
3701;6340;50;50;2395
3702;3935;60;40;2803
3703;5980;60;40;1735
3704;9505;50;50;1729
3705;9695;50;50;2022
3706;5430;20;80;1410
3707;5945;70;30;1626
3708;6725;50;50;1096
3709;325;80;20;408
3711;1650;80;20;194
3712;3090;40;60;590
3721;8045;40;50;1802
3722;4600;60;40;1172
3723;10135;60;40;1125
3731;6105;70;30;1704
3732;4770;60;40;1660
3734;4530;60;40;614
3735;1740;80;20;403
3737;1890;90;10;252
3738;4890;60;40;615
3739;1555;90;10;184
3741;9475;60;40;1673
3742;9445;60;40;1715
3743;4625;70;30;1763
3744;1045;20;80;170
3749;285;60;40;85
3751;8215;70;30;1153
3752;12825;70;20;1264
3754;825;90;10;69
3755;9245;70;30;938
3761;4800;70;30;1374
3762;8370;60;40;1996
3763;2460;80;20;1311
3764;5425;60;40;1356
3765;5195;50;50;2177
3766;7305;70;30;1759
3768;6055;80;20;783
3769;6995;60;40;808
3771;11250;60;40;1117
3772;20020;60;40;1428
3773;3525;80;20;820
3774;5635;70;30;193
3775;265;70;30;83
3776;1650;80;20;182
3781;10920;70;30;756
3784;1520;80;20;97
3785;1420;80;20;144
3791;2480;70;30;301
3792;140;90;10;88
3794;610;50;50;53
3811;6945;30;70;3963
3812;12230;40;60;2100
3813;15155;50;50;2620
3814;6480;40;60;3718
3815;10775;50;50;2498
3816;11170;50;50;2658
3817;12060;60;40;2551
3818;10825;70;30;1696
3819;465;10;90;679
3821;340;30;70;1392
3822;7915;70;30;2074
3823;11255;70;30;2190
3824;14795;80;20;1696
3825;14430;70;30;1781
3826;7105;60;40;1415
3828;10270;80;20;1684
3829;4925;70;20;1109
3831;13405;70;30;1547
3832;5105;80;20;656
3833;7020;70;30;1457
3834;2015;80;20;1374
3835;370;80;20;231
3836;140;80;20;239
3841;5920;50;50;1825
3842;6730;50;50;2249
3843;6925;50;50;1652
3844;9200;60;40;1587
3845;10295;70;30;1352
3846;1170;60;40;665
3847;900;70;30;769
3848;4085;70;30;1261
3849;3185;80;20;231
3851;11450;70;30;1287
3852;5450;60;40;576
3853;10105;60;40;792
3861;8935;60;40;1298
3862;12880;70;30;1256
3863;7850;70;30;1075
3864;3935;70;30;360
3871;9570;80;20;977
3881;10945;70;30;872
3882;13150;70;30;939
3886;2130;80;20;226
3888;3255;70;30;161
3891;4800;60;40;1229
3892;5335;70;30;971
3893;6250;80;20;1000
3894;4075;70;30;835
3896;460;80;20;216
3897;1455;80;20;91
3898;195;80;20;31
3899;75;40;60;128
3901;9920;40;60;3242
3902;10460;60;40;2076
3903;7060;70;30;1487
3904;13610;60;40;2126
3905;13920;60;40;2363
3906;6955;80;20;1369
3907;4570;70;30;853
3911;14865;60;40;1031
3912;615;60;40;1272
3921;4255;70;30;500
3922;385;80;20;276
3925;9880;70;30;921
3927;5445;70;30;514
3931;13360;70;30;958
3941;10185;60;40;535
3945;3270;70;30;364
3947;2385;70;30;195
3951;4655;80;20;485
3953;1330;70;30;121
3956;7585;70;30;691
3958;5370;60;40;709
3959;1580;90;10;193
3961;9410;60;40;1335
3962;8850;80;20;1430
3971;8015;70;30;1018
3972;10860;60;40;1328
3981;7045;70;30;728
3984;5660;70;30;730
3985;2505;80;20;259
3989;15;-99997;-99997;53
3991;18240;80;20;1623
3992;6035;70;30;1529
3993;5025;50;50;1533
3994;13715;70;30;1518
3995;3755;30;70;2163
3997;630;80;20;82
3998;2060;80;20;135
3999;685;80;20;59
4001;10690;50;50;2035
4002;2265;60;40;1578
4003;7980;50;50;1147
4004;60;50;50;225
4005;5660;60;40;1536
4006;3685;20;80;1295
4007;9680;80;20;1009
4011;1640;80;20;117
4012;1375;80;20;174
4013;720;90;10;157
4014;1120;80;20;140
4016;185;90;10;33
4017;140;70;-99997;522
4021;4510;70;30;434
4023;670;70;30;55
4024;1660;80;20;166
4031;2170;70;30;174
4032;710;80;20;81
4033;5835;70;30;389
4041;6395;70;30;523
4043;6335;60;40;520
4051;4990;70;30;455
4053;1175;70;30;118
4054;1035;80;20;94
4061;1645;80;20;140
4062;165;90;10;223
4063;430;70;30;63
4064;1060;80;20;125
4101;7560;60;40;1661
4102;8005;50;50;1572
4103;1450;80;20;1581
4104;75;60;40;767
4105;10630;70;30;1388
4106;735;80;20;650
4107;500;90;10;156
4111;670;90;10;120
4112;3265;80;20;390
4115;375;90;10;61
4116;2645;70;30;292
4117;505;80;20;103
4119;460;80;20;52
4121;1190;80;20;109
4122;830;80;20;101
4124;1440;80;20;219
4125;1230;80;20;327
4126;1010;70;30;88
4128;2835;70;30;248
4131;4225;40;60;1060
4132;4765;70;30;1361
4133;7520;70;30;967
4141;5345;70;30;1612
4142;6700;30;70;1386
4143;6615;60;40;1246
4145;1635;80;20;162
4147;3215;70;30;538
4151;565;80;20;115
4152;895;80;20;130
4153;3325;70;30;443
4155;340;90;10;124
4156;900;80;20;213
4157;570;70;30;102
4158;2095;80;20;249
4161;2370;70;30;306
4163;225;90;10;358
4171;2690;70;30;245
4174;1005;70;30;95
4175;2830;60;40;349
4176;1025;80;20;187
4181;2405;70;30;267
4182;440;90;10;65
4184;1175;80;20;141
4185;580;80;20;66
4191;10880;70;30;929
4194;4565;80;20;639
4196;2100;80;20;306
4197;1155;80;20;413
4201;5705;40;60;1973
4202;85;80;-99997;888
4203;160;30;70;1697
4204;5320;20;80;1815
4205;9705;50;50;2051
4206;2870;40;60;1647
4207;10185;70;30;1464
4208;2115;70;30;715
4209;1290;80;20;169
4211;750;70;30;135
4212;125;80;20;150
4213;875;90;10;505
4214;2065;70;30;212
4221;1380;80;20;141
4223;1880;70;30;221
4225;1750;80;20;133
4231;3900;70;30;388
4233;3070;70;30;485
4235;805;80;20;326
4241;3405;60;40;455
4243;1015;80;20;86
4245;1600;70;30;104
4247;850;80;20;120
4251;11295;60;40;924
4254;5750;80;20;619
4255;3670;60;40;383
4261;6545;70;30;577
4264;2915;70;30;345
4265;1725;80;20;199
4266;835;70;30;115
4267;410;90;10;42
4268;710;80;20;89
4269;415;90;10;32
4271;2470;70;30;246
4273;4305;70;30;376
4281;2465;70;30;271
4283;1625;70;30;280
4284;1830;60;40;294
4285;4675;70;30;525
4286;3700;70;30;301
4287;275;90;10;59
4288;345;80;20;68
4301;9230;50;50;1085
4302;1150;70;30;764
4303;1070;80;20;479
4305;565;80;20;98
4306;2675;80;20;313
4307;2320;70;30;282
4308;330;80;20;46
4311;3795;70;30;493
4315;975;70;30;118
4316;765;80;20;108
4317;775;80;20;59
4318;1255;70;30;255
4321;985;80;20;69
4322;1260;70;30;270
4323;350;70;30;122
4325;1480;60;40;275
4326;305;40;10;130
4327;260;80;20;45
4328;4285;70;20;303
4331;6365;50;50;2775
4332;4060;60;40;1663
4333;5355;70;30;1421
4334;3135;70;30;1392
4335;7185;50;50;1721
4336;7095;70;30;1972
4337;8800;50;50;1836
4338;75;80;-99997;422
4339;1365;80;20;239
4341;5380;70;30;548
4351;1610;70;20;173
4352;475;80;20;70
4353;1805;80;20;274
4354;1055;80;20;227
4356;2495;80;20;398
4357;1485;70;30;477
4361;2615;80;20;465
4363;1510;80;20;154
4364;1415;80;20;162
4365;1500;80;20;162
4371;3365;80;20;425
4373;875;80;20;113
4374;1665;80;20;386
4381;7280;40;60;2433
4382;8215;40;60;2579
4383;3155;40;50;2409
4384;5560;70;30;1341
4385;5330;70;30;1731
4386;3595;90;10;1332
4387;525;90;10;987
4388;10160;70;30;1567
4389;535;80;20;140
4401;6970;70;30;806
4411;3045;70;30;294
4413;4345;70;30;510
4414;1410;80;10;133
4415;600;90;10;64
4416;4665;70;30;484
4417;1685;60;30;290
4421;9205;80;20;750
4423;480;80;20;116
4424;2985;70;20;480
4431;4680;70;30;486
4433;710;80;20;94
4434;925;70;30;115
4435;605;90;10;57
4436;705;90;10;87
4437;390;80;20;63
4438;560;90;10;77
4441;1175;80;20;151
4443;625;90;10;71
4444;525;80;20;66
4451;5505;70;30;574
4453;1960;70;30;257
4454;1440;70;20;160
4455;1215;70;30;141
4456;1735;80;20;184
4458;1645;80;20;166
4461;11240;50;50;1988
4462;6795;50;50;1522
4463;6950;50;50;1152
4464;2460;90;10;725
4465;910;100;0;389
4471;2200;80;20;215
4472;1155;90;10;275
4474;535;80;10;78
4475;810;70;30;154
4481;3375;80;20;1141
4482;25;-99997;-99997;88
4484;1825;80;20;314
4485;450;80;10;63
4486;1565;60;30;301
4491;1135;70;20;185
4493;2070;70;20;202
4494;345;60;40;73
4501;4560;60;30;758
4503;1000;70;20;153
4504;405;70;20;217
4505;535;70;20;96
4506;715;50;30;418
4507;1435;80;20;239
4508;520;80;20;35
4511;4560;60;30;650
4513;715;70;20;136
4515;2280;80;20;315
4521;1555;80;20;190
4522;210;90;10;10
4524;2365;60;30;457
4525;300;50;20;177
4527;2355;70;30;303
4528;335;80;10;18
4529;905;80;20;93
4531;2525;40;60;1269
4532;7045;70;30;1679
4533;3835;90;10;661
4535;4650;80;20;1112
4536;3155;40;50;1388
4537;3970;60;40;1517
4538;280;80;20;874
4539;185;100;-99997;38
4541;2245;70;30;344
4542;2935;70;20;333
4543;2785;80;20;220
4551;3855;70;30;509
4553;2085;80;20;283
4554;1890;80;20;220
4561;9945;60;30;848
4562;1120;90;10;400
4564;3155;80;20;515
4565;365;90;10;140
4566;1100;90;10;124
4567;2345;80;20;281
4568;945;80;20;125
4569;930;80;10;85
4571;7785;60;40;819
4574;900;80;20;94
4575;255;100;-99997;22
4576;2500;80;20;198
4581;1870;80;20;183
4583;450;80;20;53
4584;215;90;10;37
4585;720;80;20;53
4586;570;80;20;82
4587;3150;70;30;428
4588;350;90;10;49
4589;310;90;10;36
4611;9210;50;50;2891
4612;220;70;30;745
4613;3810;60;40;1895
4614;7115;70;30;1614
4615;5450;50;50;2470
4616;720;60;40;1875
4617;7540;70;30;1135
4621;4585;40;60;2950
4622;475;70;30;1612
4623;4045;50;50;1745
4624;6585;50;50;2252
4625;3385;60;40;967
4631;9390;70;30;888
4634;1480;70;30;471
4635;2100;80;20;259
4641;5145;80;20;517
4645;3760;70;20;560
4651;12970;70;30;924
4652;410;80;20;1093
4655;745;80;20;41
4661;12445;70;30;962
4664;1915;70;30;235
4671;5690;60;40;684
4675;2620;80;20;267
4681;2255;80;20;269
4691;8050;70;30;745
4693;1675;70;30;183
4694;1830;70;20;253
4695;3455;60;40;500
4696;1695;70;30;231
4697;3725;70;30;523
4698;2705;70;20;336
4701;6305;50;50;2901
4702;13185;50;50;2116
4703;7435;50;50;1908
4704;85;60;40;390
4705;325;90;10;589
4706;11315;70;30;1326
4707;16200;50;50;2025
4708;12330;80;20;1374
4709;1710;80;20;163
4711;9280;60;40;1009
4714;5185;70;30;625
4715;4710;70;30;432
4721;1330;80;20;118
4722;225;90;10;76
4724;4745;80;20;613
4725;1195;80;20;67
4726;1805;90;10;186
4727;610;90;10;52
4731;12640;50;50;1067
4735;2050;70;30;267
4741;6765;70;30;577
4744;2445;70;30;306
4751;7245;80;20;584
4754;1190;70;30;156
4756;2290;80;20;206
4758;2265;70;30;265
4759;1070;80;20;135
4761;13210;60;40;1346
4762;1145;70;30;675
4765;1635;70;30;180
4766;20;-99997;-99997;45
4771;620;80;20;73
4772;260;80;20;74
4781;665;50;50;171
4782;530;70;30;103
4791;5860;60;40;612
4793;5510;60;40;610
4794;940;80;20;60
4796;270;90;10;58
4797;3160;60;40;279
4811;17100;30;70;3833
4812;10210;40;60;2784
4813;8385;60;40;1861
4814;11400;40;50;2867
4815;4355;60;40;1966
4816;4460;30;70;2825
4817;15425;50;50;2040
4818;9045;70;30;3042
4819;3630;70;30;2930
4822;8050;60;40;1373
4823;8875;70;30;1224
4824;9040;70;30;1267
4825;110;80;20;804
4826;9335;40;60;2242
4827;7810;30;70;2350
4834;11905;60;40;2234
4835;6865;80;20;2539
4836;705;80;20;76
4837;2255;60;40;1782
4838;1160;80;20;94
4839;385;100;0;251
4841;11915;80;20;1112
4844;6260;70;30;788
4845;2180;80;20;264
4847;8245;80;20;880
4849;3000;90;10;303
4851;5025;70;30;560
4854;8330;80;20;884
4855;1050;80;20;111
4856;340;80;20;28
4858;315;80;20;84
4859;45;80;-99997;15
4861;4200;70;30;326
4871;16930;70;30;1659
4872;8850;60;40;2084
4873;6065;70;30;1569
4874;2975;70;30;1235
4875;1845;70;30;1898
4876;6995;60;40;1562
4877;30;-99997;-99997;404
4878;5;-99997;-99997;276
4879;175;90;10;602
4881;8075;70;30;857
4882;2430;90;10;281
4884;2975;80;20;190
4885;1695;80;20;89
4891;6635;80;20;461
4901;10650;50;40;2350
4902;8650;50;40;1792
4903;370;90;10;384
4904;12060;50;50;1303
4905;855;80;20;1609
4906;4325;70;30;814
4907;10385;60;40;1631
4908;3170;60;40;1191
4909;1225;90;10;116
4911;1295;90;10;167
4921;12450;70;30;1124
4924;570;80;20;66
4926;4060;70;30;367
4927;1730;80;20;175
4931;6950;60;40;1075
4941;8745;60;40;1215
4942;3715;70;30;1285
4944;2135;70;30;237
5011;11995;30;70;2650
5012;4730;60;40;1746
5013;750;60;40;2518
5014;11845;50;50;3607
5015;700;80;20;902
5017;5830;60;40;3762
5018;3715;70;30;1752
5021;12305;40;60;4025
5022;8415;40;60;1961
5025;12750;40;60;3864
5026;815;90;10;1353
5032;6200;90;10;1007
5035;7315;70;30;1443
5036;8345;70;30;938
5037;10345;40;50;2822
5038;15235;30;70;5047
5041;9485;40;60;4733
5042;12430;40;60;3089
5043;9345;60;40;1624
5044;8235;30;70;2030
5045;18540;80;20;1569
5046;12300;50;50;3793
5047;145;80;20;670
5048;50;40;60;755
5049;7305;30;70;1999
5051;14520;70;30;1389
5052;4465;80;20;1049
5053;2010;80;20;905
5056;11490;80;20;930
5057;1155;40;40;1088
5059;320;90;10;440
5061;12445;60;40;1321
5062;5965;90;10;773
5063;1540;60;40;1020
5066;5975;80;20;587
5071;8025;70;30;717
5074;1465;60;30;100
5076;5880;70;30;455
5081;8705;70;30;841
5084;1010;90;10;100
5085;1215;80;20;119
5087;3755;80;20;319
5089;830;90;10;74
5091;5920;80;20;259
5094;1810;70;30;172
5095;1790;80;20;160
5096;810;90;10;91
5101;3695;60;40;1398
5102;6155;70;30;1278
5103;6635;80;20;1251
5104;5950;60;40;1519
5105;390;90;10;160
5106;1070;80;20;132
5107;45;70;30;395
5109;2285;70;30;267
5111;5655;70;30;386
5113;1075;80;20;68
5114;130;90;10;22
5121;12380;60;40;1369
5122;4390;70;30;1253
5124;1285;90;10;106
5125;425;90;10;192
5126;7955;60;40;715
5131;4250;80;20;384
5133;2905;90;10;299
5141;6285;60;40;1618
5142;9905;50;50;1796
5143;4450;70;30;1548
5144;9020;60;40;1696
5145;85;60;40;360
5146;3960;70;30;1030
5151;12725;70;30;1478
5152;5565;70;30;1566
5154;1785;80;20;380
5156;2780;60;40;480
5157;75;90;-99997;14
5158;180;90;10;181
5161;9825;60;40;714
5165;5110;70;30;420
5171;13940;60;40;1262
5172;2655;70;30;1149
5175;6210;70;30;672
5176;590;80;20;46
5211;13150;30;70;3912
5212;7085;40;60;3423
5213;8075;30;70;3056
5215;5215;40;60;2797
5216;7055;40;50;2130
5221;5645;90;10;383
5222;110;20;80;1010
5223;13230;30;70;2373
5224;8860;40;60;1644
5231;10390;40;60;1841
5232;945;100;-99997;1186
5233;8145;40;60;1706
5234;85;60;40;1044
5235;6930;60;40;1755
5236;6530;80;20;816
5237;9410;80;20;1206
5241;6360;70;30;1547
5242;4855;80;20;1156
5243;2580;70;30;1547
5244;3125;60;30;801
5245;4310;60;40;872
5246;6015;70;30;1363
5247;8095;70;30;1067
5248;1445;80;20;481
5249;335;90;10;150
5251;12800;60;40;1103
5252;2105;70;30;1257
5253;2105;80;20;491
5254;2255;80;20;256
5255;740;90;10;149
5256;1320;50;50;443
5257;255;90;10;33
5258;10025;80;20;618
5261;7000;60;40;1264
5262;13240;60;40;1513
5263;5450;80;20;853
5264;85;-99997;-99997;484
5266;780;70;30;105
5268;4870;70;30;419
5271;10775;70;30;721
5272;1630;70;30;780
5275;4575;80;20;578
5281;7020;50;50;1443
5282;6705;50;50;1208
5283;12270;70;30;1373
5291;1250;80;20;183
5292;250;90;10;67
5293;530;80;20;198
5294;165;90;-99997;154
5296;2155;80;20;248
5298;4810;80;20;397
5301;10445;60;40;1145
5302;2300;60;40;1038
5305;1770;80;20;169
5306;3130;80;20;333
5307;1135;80;20;138
5308;2140;70;30;247
5311;2635;70;30;284
5313;825;80;20;94
5314;1685;80;20;185
5315;655;90;10;84
5316;390;90;10;58
5317;1730;80;20;172
5318;35;50;50;7
5321;5030;80;20;541
5324;3670;70;30;467
5325;1060;80;20;167
5327;880;80;20;113
5328;2670;70;30;279
5331;7830;60;40;763
5333;275;90;10;185
5334;1595;80;20;170
5335;655;80;20;105
5341;6735;40;60;2782
5342;6685;60;40;1502
5343;5400;70;30;1380
5344;7890;40;60;1792
5345;13755;70;30;1829
5346;7235;70;30;1775
5347;1215;70;30;950
5348;9150;50;50;1934
5349;310;80;20;780
5351;10370;80;20;888
5352;690;90;10;108
5353;215;90;10;32
5354;180;90;-99997;80
5355;70;100;-99997;173
5356;205;90;10;66
5357;450;80;20;67
5358;340;100;0;275
5359;60;90;-99997;20
5361;8680;60;40;781
5363;1385;70;20;259
5364;1185;80;20;336
5366;1685;70;30;223
5367;740;70;30;90
5368;720;80;20;83
5371;3075;60;40;425
5373;2900;60;40;295
5374;7245;80;20;561
5375;1740;70;30;181
5381;600;80;20;157
5382;1565;80;20;178
5383;475;80;20;50
5384;13390;70;30;947
5386;4975;70;30;498
5388;6335;70;30;531
5391;3640;70;30;441
5392;900;80;20;323
5394;1275;70;20;115
5395;190;100;-99997;30
5396;900;80;20;112
5397;3130;70;30;312
5398;1370;80;20;94
5401;8285;40;60;2033
5402;7900;60;40;1863
5403;9115;70;30;1312
5404;3370;60;40;1731
5405;585;30;70;739
5406;7275;80;20;694
5408;3540;70;30;353
5409;2045;70;20;187
5411;6745;70;30;473
5421;13150;60;40;1213
5422;3695;80;20;987
5423;1785;70;30;209
5424;1105;70;30;98
5425;1650;80;20;154
5427;9060;70;30;610
5428;1725;80;20;130
5431;11350;50;50;1048
5432;6815;70;30;1162
5433;395;90;10;470
5434;1280;90;10;175
5435;490;90;10;109
5437;1675;80;20;180
5438;1185;80;20;128
5439;270;90;10;39
5441;2350;80;20;231
5443;2850;80;20;286
5445;705;90;10;46
5446;2815;70;30;251
5447;1660;80;20;171
5449;80;90;-99997;24
5451;6180;70;30;435
5453;2260;80;20;152
5454;1415;70;30;184
5455;1085;80;20;100
5461;4265;60;40;1733
5462;3385;50;50;1124
5463;7540;60;40;1233
5464;6260;80;20;797
5465;1845;80;20;182
5466;1470;80;20;177
5467;7525;80;20;1476
5469;6945;80;20;338
5471;110;90;10;119
5472;1210;90;10;125
5473;8435;70;30;552
5476;1710;80;20;173
5481;9710;70;30;1180
5482;14000;60;40;1079
5491;10970;80;20;741
5492;7280;70;30;632
5501;4260;60;40;2378
5502;5135;80;20;1625
5503;5935;60;40;1909
5504;6290;70;30;1263
5505;3630;50;50;1864
5506;2895;60;40;1728
5507;3280;80;20;542
5508;10620;80;20;1673
5509;3420;70;30;1739
5511;1410;80;20;128
5512;2105;80;20;221
5513;2015;80;20;168
5521;10305;70;30;868
5524;1460;80;20;186
5525;2020;70;30;241
5527;5620;80;20;543
5528;2195;80;20;199
5529;1095;90;10;129
5531;10480;70;30;962
5534;1005;90;10;113
5541;8705;80;20;783
5551;9290;70;30;1069
5552;6150;50;50;1643
5553;1860;50;50;1180
5554;9475;60;40;1908
5555;3215;70;30;1409
5556;1200;80;20;67
5561;2420;80;20;175
5563;2115;80;20;226
5571;10970;80;20;715
5575;3130;80;20;275
5581;6845;80;20;742
5582;4955;70;30;922
5583;5655;80;20;916
5591;9905;70;20;740
5595;4510;80;20;385
5611;13565;30;70;4086
5612;11735;20;80;3853
5613;6240;50;50;2680
5614;3905;50;50;3613
5615;7750;50;50;3446
5616;12795;30;70;3742
5617;1665;0;100;3993
5621;3875;20;80;3178
5622;8015;40;60;3374
5623;10825;40;60;3370
5624;5710;50;50;2244
5625;9980;40;60;3338
5626;4160;80;20;848
5627;12215;80;20;1555
5628;10330;40;60;2644
5629;9385;90;10;1543
5631;5730;60;40;1939
5632;13165;50;50;2311
5633;140;70;30;958
5641;7840;40;60;1653
5642;7835;40;60;2079
5643;8020;40;60;2769
5644;8865;60;40;2318
5645;3860;50;50;1804
5646;2390;60;40;1482
5647;55;90;-99997;654
5651;3430;30;70;2088
5652;7160;40;60;1779
5653;6940;50;50;2185
5654;10370;40;60;2456
5655;4225;50;50;1470
5657;215;80;20;445
5658;11990;70;20;1238
5661;1255;80;20;707
5662;3190;90;10;1120
5663;6065;80;20;1175
5664;4760;50;50;1853
5665;5445;30;70;1624
5666;3875;60;40;1872
5667;4260;80;20;1271
5671;5440;60;40;1421
5672;6985;80;20;1361
5673;6210;70;30;1200
5674;4745;80;20;279
5681;875;80;10;346
5682;4085;80;20;1252
5683;6400;60;40;1655
5684;11325;60;40;1522
5685;7300;90;10;1082
5688;12250;70;30;775
5689;550;70;30;783
5691;10940;80;20;738
5692;1600;70;30;442
5694;4785;70;30;680
5701;15240;30;70;2958
5702;11770;40;60;1999
5703;5555;30;70;1870
5704;8990;60;40;1257
5705;1885;30;70;1370
5706;14870;70;30;1434
5707;10350;60;40;1715
5708;10590;70;30;784
5709;13175;80;20;1246
5711;8480;70;30;1047
5712;8640;70;20;506
5715;2250;80;20;180
5721;13155;70;30;1118
5724;1115;80;20;119
5725;2450;80;20;169
5731;10880;70;30;969
5735;5720;70;30;593
5737;4275;80;20;421
5738;2035;80;10;141
5741;10490;60;40;808
5751;12535;60;40;1321
5752;1885;90;10;318
5753;4260;70;30;658
5754;6270;70;30;1063
5756;1430;80;20;137
5757;3315;70;30;281
5758;1865;80;20;183
5759;910;70;30;80
5761;5970;80;20;471
5763;2215;80;20;193
5764;1155;70;30;110
5766;545;90;10;67
5768;6160;70;30;499
5801;10240;50;50;1443
5802;7375;50;50;1522
5803;8005;70;30;1383
5804;3040;80;20;872
5807;2410;70;20;340
5808;1185;70;30;106
5809;2285;80;20;370
5811;815;80;20;67
5812;480;80;20;115
5813;2245;80;20;155
5814;560;80;20;30
5815;1070;90;10;90
5816;235;80;10;12
5817;215;90;10;51
5821;2560;80;20;315
5823;880;80;20;106
5824;545;90;10;85
5825;3990;70;30;343
5826;485;90;10;72
5827;710;90;10;59
5831;12560;60;40;1160
5835;1885;80;10;175
5836;1740;80;20;303
5841;1870;80;20;124
5843;670;80;10;53
5844;725;90;10;68
5845;4075;70;30;458
5846;725;90;10;204
5851;2125;70;30;214
5853;2040;80;20;168
5854;5260;70;30;510
5855;2480;70;30;181
5856;1180;80;20;84
5861;1890;90;10;232
5862;420;70;20;59
5863;1135;60;40;165
5864;1885;90;10;217
5865;1280;80;20;174
5866;1260;90;10;138
5871;1045;80;20;162
5872;765;80;20;157
5911;5010;30;60;2917
5912;10085;50;50;2207
5913;9820;70;30;2404
5914;7730;40;60;2001
5915;5555;50;50;1313
5916;2515;90;10;587
5921;6850;50;50;2494
5922;5700;50;50;2000
5923;3055;40;60;1904
5924;3780;80;20;1832
5925;3895;60;40;1376
5926;2865;90;10;950
5927;820;90;10;443
5928;735;90;10;619
5931;9690;60;40;1392
5932;5485;60;40;969
5935;3715;60;40;956
5941;5310;80;20;483
5943;1035;80;20;126
5944;2630;80;20;218
5951;5525;70;30;555
5953;11000;70;30;839
5954;2485;80;20;254
5961;13085;70;30;1108
5962;2125;90;10;178
5963;1955;80;20;255
5964;1675;80;20;194
5966;2040;80;20;223
5971;4735;80;20;595
5973;1950;80;20;177
5975;6715;80;20;526
5976;1115;90;10;126
5977;260;90;10;14
5981;7525;60;40;953
5984;1235;70;30;120
5985;1650;80;20;118
5986;2125;80;20;199
5987;1290;80;20;278
5988;6205;70;30;792
5991;6510;70;30;576
5993;6515;80;20;506
5995;4210;70;30;311
6001;7545;40;60;2231
6002;6645;80;20;812
6003;5415;90;10;843
6004;9385;70;30;1493
6005;4450;70;30;742
6006;11555;60;40;1464
6011;1395;90;10;141
6012;485;90;10;41
6013;970;80;20;119
6014;1675;80;20;256
6015;1285;80;20;200
6017;2480;70;30;393
6019;2060;80;20;318
6021;9800;70;30;810
6023;2145;70;30;371
6024;1435;80;20;182
6026;5205;80;20;553
6027;1810;80;20;213
6028;745;80;20;111
6029;1740;80;10;101
6031;10355;70;30;886
6034;1540;80;20;160
6035;4085;80;20;249
6037;1145;80;20;89
6039;5100;70;30;534
6041;11710;50;50;1816
6042;9135;60;40;1484
6043;11580;50;50;2111
6044;3325;30;70;1999
6045;5905;50;40;1283
6049;7875;80;20;835
6051;7005;70;30;657
6061;3975;70;30;303
6063;2360;70;30;253
6065;3075;80;20;340
6067;3630;80;20;461
6071;8725;70;30;671
6074;3615;80;20;488
6075;4215;70;30;481
6077;3335;70;30;386
6081;4425;80;20;560
6082;950;80;20;199
6083;680;80;20;284
6085;3740;80;20;427
6086;3370;80;20;315
6088;4250;80;20;388
6089;755;80;20;87
6091;720;80;20;88
6092;320;80;20;115
6093;6595;70;30;659
6095;2500;80;20;266
6096;1665;80;20;206
6097;4480;80;20;375
6099;1790;80;20;266
6101;9505;60;40;1127
6102;5015;70;30;644
6104;1645;80;20;151
6105;1300;90;10;91
6107;1650;80;20;234
6109;840;80;20;89
6111;595;80;20;240
6112;845;90;10;201
6114;8015;70;30;692
6116;1430;70;30;169
6118;3255;80;20;420
6121;5975;70;30;762
6122;1995;80;20;773
6123;1155;80;20;389
6124;755;90;10;349
6125;1715;70;30;340
6127;2280;80;20;444
6129;5630;70;30;499
6131;4730;30;70;2329
6132;5250;70;30;1231
6133;3795;70;30;1290
6134;2420;40;60;1027
6135;5815;50;50;1481
6136;6885;50;50;2003
6137;8300;50;50;1803
6141;2565;80;20;631
6142;1300;80;20;307
6143;1195;80;20;238
6151;4530;80;20;796
6153;95;70;20;106
6155;1995;80;20;283
6161;4315;40;60;2064
6162;4445;50;50;2059
6163;7785;60;40;1230
6164;5125;50;50;1628
6165;4725;60;40;2200
6166;5245;60;40;1830
6167;20;-99997;-99997;388
6171;10945;70;30;1081
6174;765;90;10;298
6176;3335;80;20;430
6181;8430;80;20;923
6191;12525;70;30;1021
6199;5;-99997;-99997;107
6211;12030;20;80;3967
6212;4580;70;20;1876
6213;4300;60;40;1851
6214;4825;20;80;3306
6215;8455;60;40;1937
6216;8555;50;50;2556
6217;9270;20;80;2701
6218;7180;40;60;1736
6219;1665;40;60;1007
6221;9775;30;70;3771
6222;5190;20;80;1214
6223;2610;70;30;282
6224;8045;20;80;3305
6225;6785;70;30;1116
6226;7320;60;40;2327
6227;7640;50;50;2032
6228;6630;60;40;1552
6229;6670;40;60;1490
6231;7490;60;40;804
6235;2815;80;20;337
6237;345;90;10;206
6241;5600;80;20;682
6243;2575;80;20;223
6245;9595;80;20;773
6247;2950;80;20;351
6251;430;80;20;106
6252;145;80;10;139
6255;1115;70;30;115
6261;870;80;20;135
6262;1010;70;30;148
6265;1420;80;20;152
6267;3470;70;30;409
6268;575;70;30;78
6269;3860;80;20;448
6271;3905;50;50;527
6273;210;80;20;57
6274;555;80;20;75
6276;170;80;20;27
6277;395;80;20;66
6278;65;90;-99997;31
6281;1775;70;30;198
6285;1010;70;30;110
6286;1885;70;30;123
6287;1675;80;20;186
6289;80;80;20;23
6291;7830;40;60;1270
6294;1400;60;30;171
6295;870;60;40;118
6301;10455;50;50;836
6305;1450;70;20;272
6307;325;80;20;54
6311;780;90;10;242
6312;170;60;40;190
6321;2430;70;30;291
6325;4315;70;30;374
6333;3180;80;20;276
6336;3955;80;20;418
6341;50;100;-99997;168
6342;95;80;20;231
6343;3225;80;20;298
6351;5055;70;30;682
6353;45;90;-99997;43
6361;6460;60;40;716
6363;1610;80;20;435
6365;2660;70;30;312
6367;8300;70;30;672
6369;5455;60;40;683
6371;6310;50;50;1562
6372;10180;70;30;1560
6373;8865;60;40;1515
6374;12090;70;30;1249
6411;7755;30;60;2528
6412;8865;50;50;1891
6413;11375;50;50;1720
6414;7750;50;50;1475
6415;6440;40;60;1808
6416;5745;50;50;1779
6417;6630;50;50;1915
6418;9240;40;60;1746
6419;4265;70;30;1077
6421;10;-99997;-99997;1528
6422;75;80;20;146
6431;9965;40;60;2200
6432;3975;60;40;1581
6433;4990;60;40;1229
6436;2680;60;40;831
6438;3735;80;20;550
6439;1110;80;20;180
6441;7480;50;50;1824
6442;2390;60;40;1309
6443;3935;50;50;1696
6444;6390;70;30;1911
6445;2845;90;10;1229
6446;4785;60;40;1477
6447;1605;80;20;280
6451;4645;70;30;636
6454;715;80;20;152
6456;820;80;20;153
6461;8225;50;50;2468
6462;6930;50;50;2002
6463;5195;30;70;2017
6464;4195;70;30;1183
6465;2045;70;30;913
6466;7650;50;50;1544
6467;4810;70;30;1772
6468;275;80;20;827
6469;595;70;30;709
6471;5815;60;40;1055
6511;10430;20;80;3737
6512;5615;30;70;4300
6515;8865;70;30;894
6521;6475;50;50;3589
6522;4855;60;40;2431
6523;8125;40;60;2121
6524;7520;50;50;3793
6525;9410;50;50;1459
6531;10530;50;50;3131
6532;5930;40;60;2301
6533;11255;40;60;2228
6534;3240;40;60;2137
6535;7285;20;80;2026
6536;3570;60;40;1525
6537;9375;40;60;1916
6538;9340;40;60;2201
6541;9580;30;70;2787
6542;7390;40;60;3471
6543;7500;40;60;2407
6544;5605;30;70;2138
6545;5330;60;40;1931
6546;9265;60;40;1293
6551;2490;80;20;388
6561;6265;50;50;801
6562;10505;60;30;866
6564;825;90;10;531
6566;5850;60;40;641
6571;1950;60;40;421
6572;495;70;30;448
6573;3630;60;40;571
6574;495;50;50;681
6575;95;90;-99997;76
6576;2495;60;40;284
6577;155;90;10;76
6578;1715;60;40;238
6579;490;70;30;74
6581;11205;70;30;1039
6582;1825;70;30;290
6584;3690;80;20;562
6585;2985;70;30;392
6586;295;80;20;88
6587;875;80;20;124
6591;9075;60;40;958
6595;2270;70;30;518
6596;2765;80;20;277
6598;2005;80;20;267
6599;810;80;20;76
6601;10465;50;40;1700
6602;6310;70;30;1859
6603;4810;70;30;509
6604;4035;90;10;670
6605;10850;70;30;1301
6606;415;80;20;92
6611;2615;80;20;253
6612;810;80;20;109
6613;720;90;10;111
6615;135;60;40;178
6616;950;80;20;120
6617;1770;80;20;173
6621;3495;70;30;309
6624;1365;70;30;176
6626;1670;80;20;139
6627;1350;80;20;137
6628;565;90;10;58
6629;830;80;20;85
6631;1630;80;20;148
6634;655;80;20;86
6641;12685;60;40;1403
6642;4660;90;10;996
6644;4040;70;30;450
6645;2015;70;30;211
6651;10165;60;40;1054
6652;2375;90;10;966
6653;1775;60;40;254
6654;1670;70;30;220
6655;1310;80;20;690
6657;2260;70;30;266
6658;6700;60;30;768
6659;2455;70;30;243
6661;12515;60;40;1274
6662;9990;80;20;1082
6663;11195;60;40;1069
6665;4325;70;30;481
6666;5025;70;30;542
6668;1465;70;30;128
6669;4390;60;40;381
6671;4960;70;30;623
6672;165;20;80;242
6673;1600;70;30;407
6674;3110;70;30;402
6675;1825;80;20;233
6676;65;80;20;15
6677;480;80;20;53
6678;2385;70;30;562
6681;12150;70;20;927
6684;135;80;10;189
6685;2065;70;30;365
6686;2755;80;20;293
6687;2855;80;20;297
6691;7225;60;30;673
6701;3665;40;60;2264
6702;2605;30;70;1648
6703;2795;70;30;1427
6704;865;60;40;550
6705;1420;100;0;262
6706;5415;50;50;2000
6707;5060;20;80;3006
6708;13730;50;50;2026
6709;4115;30;70;1712
6711;11115;60;40;1922
6712;5280;60;40;2545
6713;10015;60;40;2597
6714;7265;50;50;2662
6715;6790;60;40;2035
6716;8125;80;20;1255
6717;18400;50;50;1970
6718;8590;70;30;896
6721;15150;70;30;1177
6731;2230;70;30;243
6732;3525;70;20;207
6733;2750;70;30;173
6741;13680;80;20;582
6744;3665;80;20;244
6745;460;80;20;250
6811;6120;20;80;3388
6812;2760;60;40;1170
6813;4460;70;30;1344
6814;6215;70;30;2233
6815;3305;50;50;661
6816;2340;70;30;171
6821;5985;50;50;3741
6822;7225;30;70;3579
6823;6905;20;70;1660
6824;10145;50;50;2729
6825;5655;50;50;2253
6826;10360;20;80;2342
6827;425;10;90;1559
6828;12095;30;70;3756
6831;3560;20;70;1827
6832;5400;20;80;2258
6833;6635;40;50;2056
6834;3260;20;80;1380
6835;5395;50;50;1643
6836;11990;60;40;1475
6841;4625;40;60;1728
6842;2865;60;30;1351
6843;10755;60;40;1743
6844;4135;60;40;2103
6845;6180;60;40;1649
6846;12550;60;40;1287
6851;9345;70;30;1146
6852;10055;80;20;1475
6861;5665;70;30;934
6862;5665;70;30;1021
6865;4975;50;50;786
6866;3515;60;40;963
6869;710;70;30;362
6871;9125;60;40;1076
6874;1765;60;40;176
6877;60;-99997;-99997;2
6881;7440;70;30;1782
6882;6510;30;70;2530
6883;4355;50;40;1621
6891;1695;90;10;946
6901;6305;50;50;1815
6902;1165;90;10;909
6903;6815;60;40;1524
6904;7215;50;50;1744
6905;4085;80;20;482
6909;1855;60;40;203
6911;2420;70;30;293
6913;865;80;20;88
6914;1015;70;30;128
6915;3075;50;50;563
6916;2765;70;30;482
6917;660;60;40;102
6921;14395;70;30;1277
6922;7590;60;40;1247
6923;2010;80;20;298
6924;1135;80;20;165
6931;7545;60;40;1090
6932;7425;50;50;1228
6941;4760;70;30;886
6942;12220;60;40;1018
6951;7265;50;50;1382
6952;4310;50;50;1373
6953;2110;70;30;831
6955;1105;80;20;151
6956;915;60;40;618
6957;985;80;20;142
6961;9640;60;40;902
6964;820;80;20;51
6971;8555;60;40;764
6974;705;80;10;107
6975;355;90;10;22
6981;4580;50;50;969
6982;2165;40;60;854
6983;4130;70;30;737
6984;200;70;30;141
6986;1315;80;20;409
6987;2780;70;30;353
6988;1410;90;10;175
6991;7675;60;40;1029
6994;1090;60;40;157
6996;1630;70;30;122
6997;455;80;20;78
6998;590;80;20;102
6999;1610;60;40;151
7001;4415;40;60;1814
7002;6730;30;70;1495
7003;2825;60;40;1385
7004;4535;70;30;468
7005;665;50;50;1061
7006;9990;70;30;1220
7007;8305;70;30;1064
7008;870;80;20;699
7009;7105;50;50;1328
7011;5575;70;30;762
7021;8690;70;30;561
7025;2255;80;20;66
7031;6990;70;20;496
7035;1520;80;20;149
7036;450;90;10;57
7037;2320;80;20;199
7038;2665;70;30;369
7039;1160;90;10;175
7041;8380;50;50;986
7044;460;90;10;537
7045;765;80;20;68
7046;85;80;20;10
7047;1065;70;30;170
7048;155;80;20;81
7051;5875;60;40;631
7054;1180;80;20;75
7055;1015;80;20;42
7061;4630;60;40;796
7064;5500;60;40;554
7065;955;80;20;37
7071;10525;60;40;1019
7075;1880;80;20;294
7076;825;80;20;299
7077;505;80;20;55
7078;1020;80;20;88
7081;4300;60;40;599
7083;250;80;20;34
7084;930;90;10;103
7091;7175;60;40;878
7095;1070;90;10;83
7101;12180;70;30;1585
7102;3700;70;30;999
7103;7650;70;30;1417
7104;1435;80;20;53
7105;410;70;30;30
7106;360;60;40;15
7107;715;80;20;39
7108;875;80;20;23
7109;655;80;20;44
7113;310;80;20;86
7115;300;70;30;33
7119;260;90;10;21
7121;7985;70;30;976
7122;7975;80;20;660
7123;1450;80;20;732
7126;1460;80;20;234
7131;9915;70;30;957
7132;2975;90;10;720
7134;1130;90;10;87
7135;1435;80;20;111
7136;1995;80;20;133
7137;1400;80;20;104
7141;9395;70;30;910
7142;490;80;20;20
7151;7720;60;40;1003
7152;3435;80;20;628
7156;2835;80;20;140
7157;1335;80;20;43
7161;9325;60;40;762
7165;1025;90;10;76
7201;5665;40;60;2264
7202;595;40;60;988
7203;5050;60;40;1130
7204;10030;40;60;2420
7205;2475;70;30;670
7206;6655;60;40;1397
7207;8870;80;20;1043
7211;4375;70;30;381
7213;4010;70;30;440
7214;2055;80;20;194
7215;410;80;10;47
7216;275;80;20;23
7217;1780;80;20;105
7218;1210;80;20;88
7221;2235;70;30;261
7223;1085;80;20;72
7224;80;90;-99997;13
7225;255;80;20;73
7226;125;70;30;64
7227;885;80;20;49
7231;5325;70;30;1260
7232;3270;70;30;1388
7233;320;80;20;38
7234;645;80;20;76
7241;8075;70;30;904
7242;5510;60;40;1299
7244;1760;80;20;96
7245;4275;80;20;170
7251;7210;70;30;491
7255;6580;70;30;483
7256;1410;70;30;184
7261;7680;70;30;520
7263;900;80;20;64
7271;7730;60;40;789
7273;705;80;20;58
7274;1325;90;10;84
7275;630;80;20;46
7311;10315;50;50;3130
7312;10860;50;50;1767
7313;2250;90;10;823
7314;6605;70;30;2111
7315;4945;70;30;1687
7316;6190;60;40;1757
7317;320;70;30;1052
7321;6025;80;20;2318
7322;9635;60;40;2068
7323;12510;50;50;1663
7324;1825;80;20;678
7325;13220;70;30;1515
7326;9890;60;40;1669
7327;5775;60;40;1435
7328;7315;60;40;1969
7329;2740;30;70;2095
7331;11500;50;50;2838
7332;685;60;40;2054
7333;6620;50;50;1772
7334;2100;90;10;1841
7335;6490;60;40;2207
7336;355;50;50;1558
7339;6215;80;20;759
7341;1040;80;20;58
7345;2190;80;20;184
7346;235;70;30;35
7348;105;80;20;17
7351;1385;60;40;122
7352;50;80;30;85
7361;4960;70;30;315
7364;1220;80;20;108
7371;3300;70;30;257
7381;1750;80;20;125
7382;1510;70;30;123
7383;2700;60;40;201
7384;2980;70;30;112
7391;11950;60;40;985
7392;1155;80;20;452
7395;760;70;30;84
7396;2485;60;40;110
7397;700;90;10;25
7399;660;90;10;51
7411;8235;30;70;2729
7412;11625;50;50;2345
7413;7120;50;50;3541
7414;5340;40;60;1736
7415;11155;30;70;2355
7416;3520;40;60;2366
7417;4885;30;70;1696
7418;590;80;20;827
7419;2320;80;20;1162
7421;5205;70;30;1070
7422;2445;60;40;1496
7423;6105;80;20;1596
7424;4565;80;20;1347
7425;8020;80;20;1250
7426;20;-99997;-99997;106
7427;90;60;40;375
7428;155;70;30;35
7429;1075;40;40;1441
7431;4745;70;30;571
7433;5940;70;30;668
7434;1480;80;20;67
7435;425;70;30;43
7437;5660;80;20;416
7439;305;90;10;824
7441;5050;80;20;1076
7442;10535;60;40;1162
7443;9210;70;20;838
7447;6335;70;30;383
7448;2120;80;20;116
7451;9380;70;30;449
7461;9580;60;40;1317
7462;13880;70;30;1503
7463;5340;90;10;982
7466;330;90;10;56
7467;425;90;10;48
7468;7220;70;20;521
7471;12120;60;40;964
7472;35;70;-99997;214
7475;7265;70;30;309
7478;2605;70;30;225
7481;10870;60;40;1045
7482;10430;80;20;1012
7483;2980;90;10;1095
7491;7435;70;30;756
7495;1865;70;30;54
7496;2080;70;30;197
7497;1580;70;30;96
7511;9640;20;80;4056
7512;6880;40;60;3573
7513;5085;40;60;3043
7514;5730;50;50;3396
7521;9250;40;60;1593
7522;7510;40;60;1400
7523;12215;40;60;2402
7524;3370;80;20;362
7525;365;80;20;124
7531;8415;60;40;2252
7532;5310;60;40;957
7533;4655;50;50;2488
7534;12555;70;30;1180
7535;3810;80;20;1958
7536;60;80;20;65
7541;3420;40;60;2286
7542;10415;70;30;1370
7543;7120;40;60;2541
7544;15900;30;70;2051
7545;14835;40;60;2538
7546;8695;70;30;1140
7547;595;60;40;632
7548;3820;80;20;289
7551;4105;50;50;2907
7552;11140;50;50;1562
7553;9830;50;50;2065
7554;1495;80;20;153
7555;9080;60;40;1605
7556;11675;50;50;2234
7557;10785;50;50;2457
7558;12295;70;30;1349
7559;10735;80;20;908
7561;2005;80;20;246
7562;190;50;50;36
7571;2755;20;70;2248
7572;5055;50;50;2005
7573;3685;70;30;1706
7574;3555;50;50;834
7575;415;70;30;675
7576;6110;70;30;1247
7577;10065;80;20;1246
7581;7970;60;40;1035
7582;5325;70;30;1025
7585;485;90;10;121
7586;4085;60;40;465
7587;3865;80;20;223
7588;955;80;20;40
7591;10130;70;30;722
7595;3020;70;30;246
7596;2330;80;20;138
7597;1675;80;20;62
7601;6995;40;60;2198
7602;5605;70;30;1287
7603;6140;50;50;1277
7604;6605;40;60;1295
7605;3050;40;60;2524
7606;6945;40;60;2014
7607;9165;40;60;2143
7608;11030;60;40;1469
7609;14080;80;20;1056
7610;40;-99997;-99997;99
7611;1525;80;20;235
7614;265;70;30;264
7615;1605;80;20;161
7621;5780;80;20;1240
7622;7825;50;50;1581
7623;7785;80;20;968
7625;1395;80;20;143
7626;530;90;10;145
7627;1925;80;20;119
7631;4460;80;20;590
7634;760;80;20;62
7635;995;80;20;49
7636;570;80;20;79
7637;330;70;30;157
7638;180;70;30;14
7641;8305;70;30;907
7642;7100;70;30;872
7645;1065;80;20;53
7651;5755;60;40;571
7661;970;80;20;102
7662;210;70;30;13
7663;385;70;30;39
7664;620;80;20;33
7665;3575;80;20;232
7666;895;80;20;59
7667;1225;70;30;78
7668;155;70;30;24
7671;11260;60;40;669
7672;2560;80;20;800
7675;140;70;30;54
7676;4490;50;50;365
7678;4320;70;30;245
7679;1285;80;20;77
7681;8830;60;40;754
7683;5815;80;20;356
7685;1050;80;20;66
7686;585;90;10;159
7687;1215;80;20;177
7688;1450;80;20;73
7691;3440;80;20;240
7692;935;80;20;113
7693;1450;80;20;141
7694;1520;70;30;139
7695;1105;90;10;58
7696;295;80;20;48
7701;12095;70;30;819
7702;765;80;20;770
7705;350;90;10;38
7707;3830;80;20;213
7711;9215;70;30;462
7715;945;90;10;43
7721;7220;70;30;921
7722;7445;80;20;227
7731;12050;70;30;706
7732;570;80;20;426
7734;355;90;10;46
7735;355;90;10;68
7736;190;80;20;33
7737;490;80;20;74
7738;605;80;20;24
7739;425;80;20;34
7741;9125;50;50;878
7742;6445;70;30;875
7751;3875;80;20;311
7753;670;70;30;69
7754;370;90;10;34
7755;370;90;10;33
7756;250;100;-99997;59
7761;4380;70;30;409
7764;475;70;30;127
7765;1675;70;30;155
7766;1260;80;20;85
7771;4740;60;30;854
7772;11120;60;40;937
7773;3625;80;20;737
7775;2030;80;20;118
7776;3125;70;30;341
7777;955;90;10;76
7778;180;90;10;53
7779;120;80;20;12
7781;260;90;10;44
7782;1950;70;30;168
7783;3195;70;30;395
7784;555;90;10;36
7785;45;90;-99997;25
7786;195;80;20;63
7787;185;90;10;30
7788;145;80;10;16
7791;610;90;10;21
7792;110;80;20;19
7793;445;80;20;106
7794;290;80;20;34
7795;140;70;30;17
7796;570;80;20;72
7797;615;90;10;33
7798;365;80;20;105
7811;4365;40;60;1424
7812;9910;60;40;1231
7813;1055;90;10;329
7814;1670;90;10;249
7815;6025;40;60;1293
7821;20;-99997;-99997;613
7822;2895;60;40;1070
7823;8155;50;50;1488
7824;7670;50;50;1324
7825;405;80;20;263
7826;3055;80;20;365
7827;9315;70;20;813
7828;2035;90;10;347
7831;3385;70;30;182
7833;4785;70;30;618
7841;2180;70;30;297
7842;70;100;-99997;96
7843;840;90;10;112
7844;2155;60;40;642
7845;265;90;10;19
7846;580;100;0;49
7847;230;80;20;28
7848;2180;60;40;263
7849;385;90;10;67
7851;385;90;10;154
7852;190;90;10;24
7853;165;80;20;42
7854;1905;70;30;252
7855;385;90;10;59
7856;175;90;10;20
7858;125;80;20;23
7859;35;100;-99997;16
7861;1855;80;20;234
7863;610;80;20;84
7864;420;90;10;27
7871;735;80;20;102
7872;1225;80;20;125
7873;1920;70;30;240
7874;410;90;10;27
7875;1640;80;20;182
7876;3350;70;30;110
7877;105;90;-99997;53
7881;7735;70;30;368
7884;1740;70;30;161
7885;2075;80;20;183
7887;4765;70;30;356
7889;165;80;20;15
7891;11965;60;40;862
7892;115;80;20;454
7894;2990;70;30;312
7895;805;80;20;52
7901;3185;40;60;1793
7902;4505;50;50;1949
7903;395;70;30;470
7904;5070;50;50;1034
7905;4395;60;40;1420
7906;6235;50;50;2062
7907;2005;50;50;1820
7908;11510;80;20;1124
7909;2750;50;50;1130
7910;120;90;10;15
7911;295;80;10;66
7912;670;80;20;72
7913;5180;70;30;385
7914;1920;80;20;360
7915;65;80;-99997;62
7916;2430;70;30;212
7917;1345;80;20;78
7918;1380;80;20;127
7921;6855;70;30;535
7924;1035;80;20;45
7925;575;90;10;19
7926;945;90;10;78
7927;725;90;10;84
7928;10;-99997;-99997;8
7929;40;100;-99997;19
7931;720;90;10;62
7932;370;70;30;49
7933;1630;70;30;126
7934;575;90;10;49
7935;70;80;20;94
7936;795;80;20;62
7937;65;90;-99997;15
7938;935;80;20;114
7941;6145;50;50;2008
7942;5355;40;60;1276
7943;7970;70;30;930
7944;10310;60;40;1298
7946;1720;70;30;100
7948;3815;80;20;308
7949;125;90;10;36
7951;10680;80;20;482
7954;4090;80;20;165
7955;1335;80;20;152
7957;2995;70;30;375
7958;2465;80;20;122
7961;3965;80;20;249
7963;3670;70;30;293
7964;345;70;30;39
7965;120;80;20;33
7966;75;50;50;38
7971;3645;70;30;393
7973;740;60;40;74
7974;195;90;10;52
7975;1440;80;20;139
7981;2495;70;30;247
7983;645;90;10;44
7984;175;100;-99997;70
7985;40;90;-99997;36
7986;260;90;10;17
7991;4115;70;30;232
8011;8100;30;70;3185
8012;7045;50;50;2889
8013;2570;40;60;1294
8014;12575;60;40;1925
8015;3095;70;30;766
8016;7870;70;30;1620
8017;7005;70;30;1762
8019;2515;80;20;789
8021;5620;30;70;3486
8022;4905;20;80;2730
8023;5760;50;50;2750
8024;4035;70;30;665
8025;830;50;50;1198
8026;965;80;20;66
8028;250;80;20;32
8031;9975;40;60;2421
8032;9965;40;60;2121
8033;3370;70;30;1363
8034;740;90;10;413
8035;280;90;10;23
8041;375;70;30;764
8042;5380;70;30;1017
8043;23295;70;30;1592
8044;2280;50;50;705
8045;25;90;-99997;5
8051;10180;70;30;835
8052;2030;70;30;807
8055;630;80;20;44
8061;7330;70;30;703
8064;4835;60;40;587
8066;565;80;20;73
8071;12475;60;30;1028
8072;7890;60;40;981
8075;4665;70;20;298
8076;710;70;30;60
8077;2100;80;20;135
8079;260;90;10;27
8081;11850;60;40;849
8082;200;100;-99997;358
8084;6905;70;30;677
8085;4200;70;30;151
8091;12120;70;30;965
8094;1500;80;20;308
8095;1285;70;20;198
8096;6280;70;30;391
8097;2200;80;20;113
8101;6230;60;40;1053
8102;7255;60;40;1036
8103;6335;80;20;764
8105;2235;80;20;138
8106;1480;80;20;105
8107;1165;80;20;82
8111;3670;70;30;246
8112;1155;80;20;123
8121;8235;70;30;487
8124;1200;80;20;84
8131;8135;70;30;532
8141;7120;80;20;531
8144;445;80;20;50
8146;345;80;20;20
8147;220;90;10;57
8148;1355;80;20;70
8151;1855;80;20;372
8152;2605;70;30;398
8153;155;90;10;57
8154;100;90;10;41
8161;6480;70;30;847
8162;9205;60;40;902
8166;3225;80;20;122
8167;1605;80;20;109
8171;7820;70;30;735
8172;4835;40;60;871
8181;11585;70;30;718
8191;6150;70;30;468
8193;190;90;10;31
8194;665;80;20;79
8196;615;80;20;85
8198;70;90;-99997;12
8211;285;80;20;124
8212;4550;90;10;956
8218;225;70;30;18
8219;2925;90;10;292
8221;-99997;-99997;-99997;40
8222;185;100;-99997;336
8223;4940;50;50;1189
8224;7135;50;50;1973
8225;8100;60;40;1993
8226;9630;60;40;1486
8231;5145;50;50;1689
8232;7380;40;60;2076
8233;680;-99997;100;1859
8239;190;90;10;353
8241;1465;100;0;218
8242;6070;70;30;1138
8243;9450;70;30;1322
8244;4175;80;20;524
8245;6055;90;10;858
8251;12715;50;50;1033
8252;5825;90;10;878
8253;9585;80;20;662
8254;665;20;80;1191
8255;6285;70;30;598
8256;6460;60;40;437
8261;5360;50;50;2201
8262;6475;50;50;1937
8263;695;90;10;703
8264;2075;70;30;1537
8265;14775;60;40;1766
8266;7390;80;20;1290
8267;665;80;20;537
8271;12495;70;30;997
8274;890;80;20;103
8275;670;90;10;82
8276;755;90;10;61
8277;1030;90;10;162
8278;890;90;10;28
8281;10320;80;20;826
8291;10;-99997;-99997;4
8293;160;80;20;7
8294;185;80;20;8
8301;2100;40;60;1532
8302;10505;70;30;1013
8303;9705;60;40;1389
8304;3465;60;40;892
8305;315;90;10;143
8307;3105;70;30;259
8308;1925;70;30;120
8309;2465;80;20;164
8311;1475;80;20;94
8312;1670;70;30;115
8313;1680;80;20;102
8314;1430;80;20;87
8315;2255;50;50;96
8316;3780;70;30;344
8317;1410;80;20;85
8319;5;-99997;-99997;7
8321;13655;80;20;1105
8322;7365;80;20;997
8325;4270;60;40;528
8326;2490;80;20;140
8331;10370;40;60;1272
8332;5945;80;20;930
8333;800;50;50;355
8334;2150;90;10;331
8335;200;100;-99997;120
8336;85;80;20;50
8337;235;90;10;41
8338;865;80;20;89
8339;170;100;-99997;137
8341;1885;60;40;252
8342;255;90;10;41
8343;620;80;20;588
8344;305;90;10;122
8345;315;80;20;102
8346;320;90;10;101
8347;580;80;20;54
8351;785;90;10;43
8355;2785;70;30;140
8356;1385;70;30;181
8361;80;90;-99997;37
8362;15;70;-99997;4
8363;160;80;20;20
8371;500;80;20;48
8372;40;90;-99997;15
8373;325;90;10;19
8374;935;80;20;112
8375;2560;80;20;333
8376;560;90;10;95
8377;220;80;20;41
8378;415;90;10;60
8381;1940;80;20;273
8382;295;60;40;67
8383;550;80;20;46
8384;905;60;40;136
8385;360;90;10;41
8386;110;70;30;40
8387;220;50;50;9
8388;540;90;10;95
8389;315;70;30;38
8391;3565;50;40;370
8392;890;80;20;62
8393;200;100;-99997;21
8394;405;90;10;34
8395;1065;80;20;62
8396;90;90;-99997;104
8397;805;70;30;113
8398;490;90;10;41
8401;7420;60;40;794
8403;285;100;-99997;33
8404;1035;80;20;83
8405;440;90;10;40
8406;1550;80;20;120
8407;1020;80;20;100
8408;1290;80;20;134
8409;755;80;20;63
8411;3250;70;30;192
8412;825;90;10;37
8413;825;90;10;62
8414;1470;60;40;200
8415;425;80;20;43
8421;1560;80;20;155
8422;270;90;10;16
8423;1020;80;20;77
8424;655;80;10;47
8425;300;90;10;32
8426;4735;60;40;396
8427;415;80;20;52
8428;360;90;10;24
8431;9600;60;40;800
8432;575;90;10;38
8433;3245;70;30;353
8434;840;80;20;77
8435;1900;80;20;142
8437;260;90;10;69
8438;150;90;-99997;53
8439;65;60;-99997;24
8441;4460;50;50;1645
8442;5560;30;70;2161
8443;2720;40;60;1026
8444;300;20;80;642
8445;1500;90;10;678
8446;7120;60;40;1825
8447;3240;60;40;1333
8448;5285;80;20;673
8449;265;80;20;42
8451;1445;50;50;432
8452;135;70;30;209
8453;1020;90;10;680
8454;670;90;10;93
8455;600;90;10;46
8456;1320;90;10;135
8457;305;100;0;26
8458;840;90;10;91
8459;415;90;10;64
8461;745;90;10;126
8462;185;100;-99997;12
8463;560;80;20;120
8464;1265;80;20;157
8465;1945;80;20;225
8466;50;100;-99997;577
8467;400;90;20;29
8468;395;90;10;59
8469;170;80;20;74
8471;11215;50;50;1203
8472;1800;80;20;706
8474;1040;90;10;108
8475;505;90;10;40
8476;320;90;10;30
8477;145;90;-99997;18
8478;240;100;-99997;211
8479;205;90;10;17
8481;140;90;10;14
8482;195;90;10;17
8483;440;80;20;56
8484;245;90;10;24
8485;455;90;10;36
8486;230;80;20;12
8487;140;90;-99997;12
8488;190;90;10;41
8489;35;90;-99997;12
8491;3335;60;40;526
8493;750;80;20;299
8494;1060;100;0;325
8495;1545;80;20;174
8497;60;80;20;6
8501;9770;50;50;1147
8502;3315;90;10;723
8503;65;80;-99997;263
8505;55;90;-99997;53
8506;560;80;20;86
8507;215;90;-99997;86
8508;425;80;20;134
8511;240;90;10;88
8512;210;90;10;63
8513;340;80;20;52
8514;75;90;-99997;46
8515;80;90;-99997;19
8516;90;90;-99997;18
8517;800;80;20;122
8521;3335;70;30;369
8522;355;80;20;23
8523;470;80;30;85
8524;20;40;60;11
8525;1050;70;30;205
8526;100;80;20;101
8527;35;80;-99997;24
8528;50;80;20;84
8529;85;80;20;20
8531;8250;60;40;786
8532;2105;100;0;846
8534;45;90;-99997;33
8535;175;100;-99997;13
8536;910;80;20;77
8537;255;90;10;60
8538;660;80;20;26
8539;1010;80;20;177
8541;110;90;-99997;40
8542;220;80;20;95
8551;1405;80;20;254
8552;20;-99997;-99997;9
8553;105;80;20;181
8554;70;90;-99997;118
8556;700;80;20;134
8561;4070;60;40;529
8563;620;80;10;82
8564;110;100;-99997;88
8565;405;90;10;46
8566;540;80;20;57
8567;1345;80;20;149
8571;480;90;10;98
8572;170;90;10;28
8573;115;100;-99997;64
8574;1050;80;20;193
8581;355;90;10;52
8582;260;80;20;29
8583;50;100;-99997;10
8584;600;80;20;113
8601;3195;50;40;1797
8602;4810;40;60;1519
8603;4765;80;20;1889
8604;5305;70;30;1145
8605;2140;30;70;2079
8606;2765;50;40;1855
8607;5870;70;30;1337
8608;4705;40;60;1261
8611;280;80;20;70
8612;25;-99997;-99997;6
8613;30;50;50;5
8614;745;80;20;94
8615;615;60;40;95
8616;80;90;10;32
8617;250;100;0;21
8618;440;80;20;100
8621;2230;70;30;336
8622;650;80;20;64
8623;305;80;20;45
8624;415;90;10;95
8625;1070;70;30;189
8626;145;50;50;70
8627;345;90;10;66
8628;240;90;10;73
8629;1660;80;20;216
8631;45;80;-99997;398
8632;185;90;10;30
8633;640;80;10;207
8635;415;80;20;48
8636;100;90;10;14
8637;285;80;20;39
8641;95;90;-99997;24
8642;65;70;30;13
8644;115;90;-99997;30
8647;365;80;20;63
8651;3010;70;30;402
8658;75;90;-99997;30
8701;8080;50;50;1136
8702;2035;90;10;761
8711;4445;60;30;507
8713;865;70;30;147
8715;955;60;40;173
8721;780;70;20;81
8722;345;80;20;35
8723;2650;70;30;350
8724;340;80;20;22
8731;2320;70;30;303
8732;240;90;10;30
8733;45;90;-99997;11
8734;920;80;20;128
8735;235;80;20;37
8736;190;90;10;22
8737;120;90;-99997;15
8741;115;100;-99997;17
8742;295;90;10;32
8743;80;80;20;45
8744;255;90;-99997;34
8745;45;90;-99997;21
8746;155;100;-99997;24
8747;295;90;10;34
8748;1760;70;30;247
8749;585;90;10;69
8751;170;80;20;30
8752;25;100;-99997;14
8753;80;90;10;10
8754;3505;60;40;412
8755;110;100;-99997;60
8756;45;100;-99997;8
8757;200;90;10;25
8758;95;100;-99997;11
8759;455;80;20;55
8761;225;90;10;19
8762;85;100;-99997;12
8763;485;90;10;48
8764;80;80;20;27
8765;455;90;10;45
8771;990;80;20;105
8772;20;90;-99997;11
8773;320;90;10;63
8774;140;90;10;17
8775;40;90;-99997;9
8801;6750;60;40;1123
8802;6005;60;40;867
8804;1080;70;30;136
8805;215;70;30;34
8806;590;70;30;80
8807;255;70;30;45
8808;370;70;30;68
8809;45;80;-99997;12
8811;450;70;30;67
8812;255;80;20;37
8813;140;80;20;47
8814;120;90;10;18
8816;105;100;-99997;21
8821;555;80;20;78
8822;1030;80;20;121
8823;335;80;20;39
8831;1020;70;30;157
8832;105;90;10;15
8833;25;-99997;-99997;6
8834;200;90;10;26
8835;410;80;20;59
8841;120;100;-99997;48
8842;450;90;10;55
8843;270;80;10;39
8844;50;100;-99997;11
8845;80;90;-99997;12
8851;1375;70;30;226
8852;70;80;20;18
8853;40;90;-99997;47
8854;550;70;30;74
8855;1695;60;40;226
8856;135;80;20;122
8857;470;70;30;58
8861;6450;60;40;1168
8862;8200;50;50;1063
8871;10;-99997;-99997;49
8872;590;70;30;288
8881;2570;60;40;346
8882;20;60;40;30
8883;15;-99997;-99997;55
8884;120;80;20;152
8885;40;90;-99997;73
8891;1030;60;40;243
8892;20;-99997;-99997;177
8893;90;70;30;207
8894;230;90;10;127
8895;150;80;20;116
8896;470;80;20;128
8897;140;80;20;44
8899;1155;40;60;209
8911;5950;10;80;4303
8912;125;50;50;715
8913;3915;70;30;2944
8914;490;90;10;1592
8915;5160;50;50;1665
8916;3215;60;40;3052
8917;3340;50;50;3883
8918;6130;20;80;2461
8919;805;70;30;1020
8921;8975;40;60;4000
8922;3315;30;70;4044
8923;3475;20;80;2368
8924;3650;20;80;2396
8925;5295;70;30;1358
8926;5180;70;30;1244
8927;835;90;10;709
8931;3725;30;70;1893
8932;7025;50;50;2920
8933;4090;50;50;3458
8934;2180;60;40;2688
8935;6750;50;40;1669
8936;765;30;70;1797
8937;905;-99997;100;2076
8938;105;70;30;651
8939;5670;90;10;738
8941;2415;80;20;290
9001;5760;60;40;734
9003;900;70;30;115
9004;30;100;-99997;6
9005;1795;70;30;251
9006;40;-99997;-99997;8
9007;80;100;-99997;18
9008;1095;70;30;144
9009;90;90;-99997;30
9011;1340;70;30;170
9012;655;80;20;76
9013;165;90;10;31
9014;350;80;20;53
9021;320;80;20;48
9022;1155;90;10;149
9023;315;80;20;42
9024;555;60;40;86
9025;135;90;10;44
9026;150;90;-99997;36
9027;295;90;10;36
9031;395;80;20;60
9032;80;90;-99997;29
9033;1055;80;20;127
9034;1045;70;30;145
9035;3240;70;30;372
9036;2630;70;30;344
9037;90;100;-99997;13
9038;375;90;10;72
9041;2550;70;30;311
9043;190;80;20;38
9044;795;70;30;175
9045;925;80;20;180
9047;1730;70;30;225
9051;7660;70;30;678
9053;165;90;-99997;50
9054;400;70;30;63
9055;955;80;20;303
9056;430;70;30;124
9057;320;70;30;91
9061;2315;80;20;341
9062;1870;60;40;372
9063;730;80;20;198
9064;635;80;20;97
9067;190;100;-99997;64
9071;245;90;10;43
9072;330;80;20;65
9073;1400;70;30;174
9074;2665;70;30;299
9075;260;90;10;23
9076;4890;60;40;485
9077;710;70;30;77
9078;955;80;20;82
9079;1725;70;30;159
9081;410;80;20;357
9082;25;90;-99997;20
9083;205;80;20;1381
9084;3275;90;10;835
9085;20;-99997;-99997;812
9086;240;90;10;436
9087;50;90;-99997;48
9088;1140;70;30;147
9089;575;80;20;75
9091;225;80;20;18
9101;8965;40;60;1016
9102;1070;80;20;752
9103;2630;80;20;740
9104;5615;60;40;569
9105;1125;80;20;113
9106;40;90;-99997;28
9107;55;80;-99997;9
9108;1190;70;30;167
9109;265;90;10;69
9111;505;70;30;152
9112;655;90;10;145
9113;980;80;20;131
9114;935;80;20;111
9121;120;90;10;125
9122;50;80;-99997;10
9123;910;70;30;139
9124;45;90;-99997;12
9125;180;90;10;62
9131;855;80;20;95
9132;565;80;20;64
9133;1145;80;20;133
9134;370;80;20;67
9135;245;90;10;61
9136;225;80;10;79
9137;945;80;20;108
9138;360;90;10;59
9141;305;80;20;62
9142;220;80;20;85
9143;365;80;20;60
9144;220;80;20;23
9145;1250;70;30;168
9146;65;90;-99997;9
9147;395;80;20;56
9148;65;80;-99997;12
9151;1585;70;30;216
9152;40;90;-99997;37
9153;235;90;10;42
9154;75;100;-99997;24
9155;215;90;10;28
9156;120;90;-99997;26
9161;1275;60;30;311
9162;455;70;30;120
9163;1235;70;30;284
9164;750;80;30;207
9166;945;60;40;317
9171;850;70;20;92
9172;1780;60;30;251
9173;85;90;10;27
9174;85;90;20;19
9175;125;90;-99997;20
9176;75;90;-99997;10
9177;55;80;-99997;12
9178;215;90;10;21
9201;8240;40;60;1998
9202;8180;50;50;1626
9203;9550;50;50;1994
9204;8380;70;30;1080
9205;4745;70;30;824
9206;70;90;-99997;611
9207;6315;80;20;1007
9211;245;90;10;330
9212;1770;70;30;279
9213;665;100;0;175
9214;40;90;-99997;44
9215;230;90;10;20
9216;1675;70;20;146
9217;465;80;20;47
9218;1730;80;20;186
9219;330;90;10;40
9221;1365;70;30;171
9222;1195;80;20;92
9223;915;70;30;163
9231;6005;50;50;664
9233;1195;70;30;145
9241;2035;80;20;125
9243;1875;80;20;183
9244;3590;60;40;451
9245;1685;80;20;105
9246;80;80;20;27
9247;4815;70;30;449
9248;835;90;10;61
9249;1025;90;10;103
9251;9750;60;40;869
9254;5035;70;30;583
9255;1615;90;10;216
9256;775;80;20;154
9257;2300;80;20;199
9258;925;80;20;96
9261;1600;80;20;110
9262;1365;80;20;148
9263;1895;80;20;190
9264;390;70;20;163
9265;635;80;10;53
9269;3605;60;40;416
9271;4975;50;50;604
9281;4310;70;30;459
9283;1265;80;20;110
9284;1215;80;20;126
9285;5710;60;40;571
9286;1095;70;30;111
9287;1785;60;40;284
9288;2425;60;40;275
9289;1725;70;30;208
9291;5635;60;40;646
9292;70;80;20;15
9293;450;90;10;36
9294;830;80;20;87
9295;600;80;20;65
9296;320;90;10;60
9297;100;60;40;64
9298;2920;70;30;266
9299;615;70;30;341
9301;11310;60;40;1126
9302;3405;80;20;920
9304;245;90;10;24
9305;325;80;20;68
9306;100;90;-99997;53
9307;205;70;30;46
9311;1450;70;30;650
9312;1040;90;10;554
9313;155;80;20;171
9314;210;90;10;50
9315;355;80;20;43
9321;5520;80;20;400
9331;3715;70;30;392
9333;220;90;10;34
9334;145;60;40;21
9335;175;80;20;12
9336;135;80;20;24
9337;160;80;20;72
9341;1290;80;10;116
9342;815;80;20;74
9343;225;90;10;51
9351;11185;60;40;932
9354;2720;80;20;155
9355;380;90;10;59
9356;4440;60;40;769
9359;20;-99997;-99997;23
9361;310;100;-99997;66
9362;325;90;10;60
9363;5885;70;30;523
9364;740;90;10;91
9365;655;90;10;49
9366;255;100;-99997;42
9367;1640;80;20;175
9401;6590;40;60;2333
9402;8215;40;50;2406
9403;14180;80;20;1187
9404;7070;40;50;1357
9405;6315;80;20;577
9406;9405;50;50;1821
9407;6545;60;40;1318
9408;9555;80;20;944
9409;280;90;10;157
9411;8420;60;40;777
9412;1220;90;10;453
9413;1655;80;20;436
9414;1440;80;20;131
9415;890;90;10;75
9416;125;70;30;99
9417;360;90;10;55
9418;1050;80;20;77
9419;410;80;20;29
9421;3325;70;30;369
9422;4910;70;30;412
9423;1320;70;30;143
9431;4615;70;30;381
9432;75;90;-99997;33
9433;445;80;20;38
9434;75;90;-99997;71
9435;50;90;-99997;5
9436;290;90;10;19
9437;100;100;-99997;18
9438;110;100;-99997;18
9439;555;80;20;68
9441;240;70;30;42
9442;370;90;10;46
9443;275;80;20;42
9444;755;80;20;81
9445;30;80;-99997;7
9446;105;100;-99997;17
9447;75;70;30;11
9448;85;90;-99997;96
9449;570;70;30;235
9451;3800;70;30;448
9452;85;100;-99997;11
9453;55;80;-99997;10
9454;305;90;10;37
9455;5;-99997;-99997;5
9456;25;-99997;-99997;7
9457;90;90;-99997;13
9458;160;90;10;48
9459;20;-99997;-99997;2
9461;5050;70;30;502
9462;1865;70;30;161
9463;1415;80;20;125
9464;140;90;-99997;19
9465;250;90;10;32
9466;400;90;10;52
9467;430;80;20;151
9468;3610;70;30;396
9469;590;90;10;207
9471;6460;70;30;505
9472;3720;80;20;459
9473;465;90;10;57
9474;330;90;10;31
9475;335;80;20;98
9479;540;90;10;70
9481;4060;70;30;418
9482;1805;80;20;160
9483;360;90;10;102
9484;65;80;-99997;12
9485;105;90;-99997;13
9486;40;90;-99997;53
9487;100;90;-99997;126
9488;100;90;-99997;11
9489;35;80;-99997;390
9491;735;90;10;84
9492;170;90;10;30
9493;230;90;10;75
9494;835;80;20;133
9495;105;100;-99997;22
9496;220;90;10;17
9497;485;90;10;43
9501;9630;50;50;1264
9502;5475;70;30;836
9503;3955;60;40;972
9511;975;80;20;76
9512;275;90;10;107
9514;1895;60;40;204
9515;655;80;20;120
9521;4890;70;30;414
9523;585;90;10;239
9524;410;100;0;46
9525;280;90;10;37
9526;80;100;-99997;16
9527;110;100;-99997;17
9528;785;80;20;90
9531;4830;70;30;514
9533;565;80;20;104
9534;125;90;10;13
9535;30;70;-99997;4
9536;330;90;10;130
9537;155;100;-99997;15
9541;3355;70;30;253
9545;685;80;20;60
9551;2360;80;20;93
9561;9515;60;40;517
9563;990;90;10;80
9564;50;40;50;152
9566;560;80;20;53
9571;2320;70;30;131
9573;370;80;20;25
9574;95;90;10;24
9581;6990;60;40;519
9584;1240;80;20;75
9585;290;100;-99997;21
9591;2870;70;30;196
9601;6950;40;60;1518
9602;11660;40;60;1587
9603;3265;90;10;1286
9605;865;90;10;42
9606;1615;90;10;215
9607;925;60;40;295
9608;895;80;20;64
9609;30;60;-99997;20
9611;8095;60;40;1052
9613;1720;90;10;140
9614;220;80;20;95
9615;1340;70;30;184
9616;470;60;30;117
9617;3045;80;20;358
9618;100;60;40;13
9619;845;80;20;91
9621;2120;60;40;191
9622;80;70;30;40
9623;150;90;-99997;18
9624;50;90;-99997;6
9625;510;90;10;32
9626;1690;80;20;175
9627;540;90;10;82
9628;3215;70;30;335
9629;180;60;40;36
9631;450;90;10;31
9632;55;100;-99997;14
9633;115;80;20;11
9635;1870;70;30;187
9636;3595;70;30;311
9641;5615;50;50;1327
9642;7835;60;40;1139
9644;1625;90;10;96
9645;4030;50;50;1053
9646;2425;80;20;1060
9648;5415;70;30;582
9649;4670;60;40;562
9651;1680;80;20;140
9654;395;80;20;40
9655;125;100;-99997;28
9656;145;90;10;34
9657;105;100;-99997;20
9658;470;90;10;40
9659;215;90;10;83
9661;1235;80;20;86
9663;4560;70;30;338
9665;7640;60;40;650
9671;4150;50;50;1722
9672;480;80;20;624
9673;3220;50;50;1084
9674;3095;60;40;1158
9675;7155;70;30;1339
9677;1450;70;30;490
9678;1485;80;20;159
9679;4920;60;40;547
9681;2090;70;30;200
9682;1510;70;30;112
9684;2095;70;30;152
9685;680;100;0;106
9686;2090;50;50;273
9687;210;80;20;26
9688;415;70;30;47
9691;35;90;-99997;175
9693;1350;60;40;241
9695;3215;70;30;133
9696;170;80;20;16
9697;2630;70;30;274
9698;1300;80;20;87
9699;955;70;20;64
9711;9745;10;80;6099
9712;10280;20;80;6503
9713;12960;20;80;4306
9714;6130;30;70;5183
9715;8435;10;80;4881
9716;3980;10;90;5073
9717;6585;40;60;5795
9718;9540;30;70;4975
9721;11400;50;50;3143
9722;7945;60;40;2483
9723;5615;50;40;1996
9724;5055;30;70;4204
9725;6170;30;70;4087
9726;4265;30;70;4199
9727;5465;50;50;2585
9728;10930;40;60;2188
9731;7650;80;20;1602
9732;5285;70;30;1490
9733;3635;40;60;1390
9734;2860;90;10;1122
9735;225;100;-99997;1326
9736;6280;30;70;1490
9737;6065;60;40;1654
9738;405;80;20;1046
9741;7835;20;80;4424
9742;10715;20;80;4209
9743;11850;20;80;2705
9744;5705;60;40;858
9745;3175;60;40;921
9746;6725;90;10;784
9747;10;-99997;-99997;888
9749;35;80;-99997;100
9751;7375;70;30;1087
9752;5320;70;30;897
9753;5200;70;30;986
9755;720;80;20;119
9756;1330;80;20;159
9761;7050;70;30;897
9765;3740;70;30;738
9766;2780;90;10;300
9771;1145;70;30;164
9773;115;100;-99997;57
9774;670;80;20;77
9781;8640;70;30;795
9784;275;90;10;61
9785;1020;80;20;346
9791;4670;70;20;548
9792;785;80;30;89
9793;105;100;-99997;42
9794;80;80;20;38
9795;365;80;20;56
9796;195;90;10;19
9797;555;90;10;57
9798;490;80;20;66
9801;8050;80;20;730
9804;1460;80;20;264
9805;455;100;-99997;492
9811;280;90;10;39
9812;45;90;-99997;41
9821;1315;90;10;181
9822;1605;70;30;229
9824;440;90;10;41
9825;195;100;-99997;21
9827;160;90;10;22
9828;685;80;20;107
9831;2185;70;30;292
9832;410;90;10;28
9833;290;80;20;35
9841;25;-99997;-99997;67
9842;425;80;20;69
9843;2720;70;30;333
9844;245;90;10;28
9845;300;80;20;51
9851;605;80;20;72
9852;205;80;20;20
9853;475;70;30;67
9861;3465;60;40;435
9862;665;80;20;58
9863;1115;80;20;74
9864;635;80;20;92
9865;2505;80;20;136
9866;915;80;20;76
9871;145;70;30;132
9872;170;90;10;118
9873;800;70;30;134
9881;330;80;20;67
9882;225;80;20;76
9883;1545;70;30;166
9884;245;90;10;23
9885;205;90;10;23
9886;95;90;10;22
9891;795;70;30;113
9892;315;80;20;40
9893;440;70;30;54
9901;4120;50;50;1041
9902;5565;40;60;1134
9903;1955;80;20;885
9904;105;90;10;20
9905;1070;80;20;129
9906;655;70;30;100
9907;170;80;10;38
9908;300;80;20;43
9909;1340;80;20;162
9911;190;80;20;30
9912;260;80;20;35
9913;115;90;10;27
9914;525;80;20;59
9915;675;70;30;94
9917;490;70;30;58
9918;565;70;30;71
9919;2375;60;40;367
9921;970;70;30;130
9922;415;80;20;53
9923;200;80;20;32
9924;25;100;-99997;35
9925;15;-99997;-99997;20
9931;1955;40;60;993
9932;4500;70;30;610
9933;3920;40;60;933
9934;4925;60;40;1125
9936;1625;60;40;536
9937;590;90;10;61
9939;265;80;20;27
9942;100;90;10;28
9943;330;80;20;39
9944;1350;70;30;113
9945;1740;70;30;234
9946;940;80;20;118
9947;390;90;10;79
9948;305;60;40;99
9949;150;90;10;40
9951;7395;70;30;673
9953;1815;60;40;306
9954;105;90;-99997;34
9955;215;80;20;199
9956;450;80;20;59
9957;45;90;-99997;9
9959;580;80;20;78
9961;195;80;20;77
9962;100;90;-99997;21
9963;265;80;20;36
9964;740;70;30;108
9965;1735;70;30;265
9966;160;70;30;18
9967;1495;70;30;217
9968;435;80;20;47
9969;245;70;30;38
9971;1355;60;40;211
9972;65;90;10;36
9973;220;80;20;38
9974;1190;70;30;205
9975;180;80;20;25
9976;150;70;20;64
9977;1255;70;30;124
9978;185;80;20;49
9981;5400;50;50;611
9982;3160;60;40;312
9983;1195;70;30;125
9984;230;80;20;21
9985;135;90;-99997;30
9986;100;70;30;18
9987;215;60;40;36
9988;1345;70;30;164
9989;2135;60;40;301
9991;2180;50;50;330
9992;140;90;10;22
9993;115;90;10;63
9994;75;90;-99997;200
9995;670;70;30;91
9996;65;100;-99997;19
9997;610;70;30;87
9998;185;80;20;17
9999;100;90;-99997;12